CBSA_NAME,SITE_ID,SITE_NAME,SITE_LATITUDE,SITE_LONGITUDE,DATE,PM2.5,AQI_VALUE
"Columbus, OH",390490038,Smoky Row Near Road,40.11107,-83.065415,1/1/2023,15.9,59
"Columbus, OH",390490038,Smoky Row Near Road,40.11107,-83.065415,1/2/2023,15.9,59
"Columbus, OH",390490038,Smoky Row Near Road,40.11107,-83.065415,1/3/2023,5.1,21
"Columbus, OH",390490038,Smoky Row Near Road,40.11107,-83.065415,1/3/2023,7.4,31
"Columbus, OH",390490038,Smoky Row Near Road,40.11107,-83.065415,1/4/2023,6.7,28
"Columbus, OH",390490038,Smoky Row Near Road,40.11107,-83.065415,1/5/2023,7.1,30
"Columbus, OH",390490038,Smoky Row Near Road,40.11107,-83.065415,1/6/2023,5.8,24
"Columbus, OH",390490038,Smoky Row Near Road,40.11107,-83.065415,1/6/2023,8.5,35
"Columbus, OH",390490038,Smoky Row Near Road,40.11107,-83.065415,1/7/2023,10.2,43
"Columbus, OH",390490038,Smoky Row Near Road,40.11107,-83.065415,1/8/2023,12.5,52
"Columbus, OH",390490038,Smoky Row Near Road,40.11107,-83.065415,1/9/2023,13.7,54
"Columbus, OH",390490038,Smoky Row Near Road,40.11107,-83.065415,1/9/2023,16.6,60
"Columbus, OH",390490038,Smoky Row Near Road,40.11107,-83.065415,1/10/2023,16.7,61
"Columbus, OH",390490038,Smoky Row Near Road,40.11107,-83.065415,1/11/2023,15.4,58
"Columbus, OH",390490038,Smoky Row Near Road,40.11107,-83.065415,1/12/2023,9.1,38
"Columbus, OH",390490038,Smoky Row Near Road,40.11107,-83.065415,1/12/2023,11.1,46
"Columbus, OH",390490038,Smoky Row Near Road,40.11107,-83.065415,1/13/2023,5.4,23
"Columbus, OH",390490038,Smoky Row Near Road,40.11107,-83.065415,1/14/2023,9.6,40
"Columbus, OH",390490038,Smoky Row Near Road,40.11107,-83.065415,1/15/2023,17.6,63
"Columbus, OH",390490038,Smoky Row Near Road,40.11107,-83.065415,1/15/2023,19.8,67
"Columbus, OH",390490038,Smoky Row Near Road,40.11107,-83.065415,1/16/2023,11.9,50
"Columbus, OH",390490038,Smoky Row Near Road,40.11107,-83.065415,1/17/2023,6.1,25
"Columbus, OH",390490038,Smoky Row Near Road,40.11107,-83.065415,1/18/2023,8.3,35
"Columbus, OH",390490038,Smoky Row Near Road,40.11107,-83.065415,1/18/2023,2.4,10
"Columbus, OH",390490038,Smoky Row Near Road,40.11107,-83.065415,1/19/2023,3.7,15
"Columbus, OH",390490038,Smoky Row Near Road,40.11107,-83.065415,1/20/2023,4.3,18
"Columbus, OH",390490038,Smoky Row Near Road,40.11107,-83.065415,1/21/2023,6,25
"Columbus, OH",390490038,Smoky Row Near Road,40.11107,-83.065415,1/21/2023,7.4,31
"Columbus, OH",390490038,Smoky Row Near Road,40.11107,-83.065415,1/22/2023,14.1,55
"Columbus, OH",390490038,Smoky Row Near Road,40.11107,-83.065415,1/23/2023,11.5,48
"Columbus, OH",390490038,Smoky Row Near Road,40.11107,-83.065415,1/24/2023,19,66
"Columbus, OH",390490038,Smoky Row Near Road,40.11107,-83.065415,1/24/2023,19.1,66
"Columbus, OH",390490038,Smoky Row Near Road,40.11107,-83.065415,1/25/2023,9.1,38
"Columbus, OH",390490038,Smoky Row Near Road,40.11107,-83.065415,1/26/2023,11.1,46
"Columbus, OH",390490038,Smoky Row Near Road,40.11107,-83.065415,1/27/2023,4.5,19
"Columbus, OH",390490038,Smoky Row Near Road,40.11107,-83.065415,1/27/2023,6.2,26
"Columbus, OH",390490038,Smoky Row Near Road,40.11107,-83.065415,1/28/2023,6.9,29
"Columbus, OH",390490038,Smoky Row Near Road,40.11107,-83.065415,1/29/2023,10.2,43
"Columbus, OH",390490038,Smoky Row Near Road,40.11107,-83.065415,1/30/2023,11.5,48
"Columbus, OH",390490038,Smoky Row Near Road,40.11107,-83.065415,1/30/2023,12.4,52
"Columbus, OH",390490038,Smoky Row Near Road,40.11107,-83.065415,1/31/2023,6.3,26
"Columbus, OH",390490038,Smoky Row Near Road,40.11107,-83.065415,2/1/2023,12.9,53
"Columbus, OH",390490038,Smoky Row Near Road,40.11107,-83.065415,2/2/2023,12.2,51
"Columbus, OH",390490038,Smoky Row Near Road,40.11107,-83.065415,2/2/2023,13.8,55
"Columbus, OH",390490038,Smoky Row Near Road,40.11107,-83.065415,2/3/2023,5.9,25
"Columbus, OH",390490038,Smoky Row Near Road,40.11107,-83.065415,2/4/2023,6.3,26
"Columbus, OH",390490038,Smoky Row Near Road,40.11107,-83.065415,2/5/2023,6.1,25
"Columbus, OH",390490038,Smoky Row Near Road,40.11107,-83.065415,2/5/2023,7.2,30
"Columbus, OH",390490038,Smoky Row Near Road,40.11107,-83.065415,2/6/2023,17.1,62
"Columbus, OH",390490038,Smoky Row Near Road,40.11107,-83.065415,2/7/2023,13,53
"Columbus, OH",390490038,Smoky Row Near Road,40.11107,-83.065415,2/8/2023,14.4,56
"Columbus, OH",390490038,Smoky Row Near Road,40.11107,-83.065415,2/8/2023,17.1,62
"Columbus, OH",390490038,Smoky Row Near Road,40.11107,-83.065415,2/9/2023,9.4,39
"Columbus, OH",390490038,Smoky Row Near Road,40.11107,-83.065415,2/10/2023,12.5,52
"Columbus, OH",390490038,Smoky Row Near Road,40.11107,-83.065415,2/11/2023,9.1,38
"Columbus, OH",390490038,Smoky Row Near Road,40.11107,-83.065415,2/11/2023,9.8,41
"Columbus, OH",390490038,Smoky Row Near Road,40.11107,-83.065415,2/12/2023,12.8,52
"Columbus, OH",390490038,Smoky Row Near Road,40.11107,-83.065415,2/13/2023,8.3,35
"Columbus, OH",390490038,Smoky Row Near Road,40.11107,-83.065415,2/14/2023,8.4,35
"Columbus, OH",390490038,Smoky Row Near Road,40.11107,-83.065415,2/14/2023,9.3,39
"Columbus, OH",390490038,Smoky Row Near Road,40.11107,-83.065415,2/15/2023,11.4,48
"Columbus, OH",390490038,Smoky Row Near Road,40.11107,-83.065415,2/16/2023,8.7,36
"Columbus, OH",390490038,Smoky Row Near Road,40.11107,-83.065415,2/17/2023,8.6,36
"Columbus, OH",390490038,Smoky Row Near Road,40.11107,-83.065415,2/17/2023,4,17
"Columbus, OH",390490038,Smoky Row Near Road,40.11107,-83.065415,2/18/2023,6.9,29
"Columbus, OH",390490038,Smoky Row Near Road,40.11107,-83.065415,2/19/2023,5.1,21
"Columbus, OH",390490038,Smoky Row Near Road,40.11107,-83.065415,2/20/2023,8.2,34
"Columbus, OH",390490038,Smoky Row Near Road,40.11107,-83.065415,2/20/2023,8.9,37
"Columbus, OH",390490038,Smoky Row Near Road,40.11107,-83.065415,2/21/2023,7.9,33
"Columbus, OH",390490038,Smoky Row Near Road,40.11107,-83.065415,2/22/2023,8,33
"Columbus, OH",390490038,Smoky Row Near Road,40.11107,-83.065415,2/23/2023,4.6,19
"Columbus, OH",390490038,Smoky Row Near Road,40.11107,-83.065415,2/23/2023,6.3,26
"Columbus, OH",390490038,Smoky Row Near Road,40.11107,-83.065415,2/24/2023,6.1,25
"Columbus, OH",390490038,Smoky Row Near Road,40.11107,-83.065415,2/25/2023,9.8,41
"Columbus, OH",390490038,Smoky Row Near Road,40.11107,-83.065415,2/26/2023,16.7,61
"Columbus, OH",390490038,Smoky Row Near Road,40.11107,-83.065415,2/26/2023,18.2,64
"Columbus, OH",390490038,Smoky Row Near Road,40.11107,-83.065415,2/27/2023,13.2,53
"Columbus, OH",390490038,Smoky Row Near Road,40.11107,-83.065415,2/28/2023,6.9,29
"Columbus, OH",390490038,Smoky Row Near Road,40.11107,-83.065415,3/1/2023,8.3,35
"Columbus, OH",390490038,Smoky Row Near Road,40.11107,-83.065415,3/1/2023,9.9,41
"Columbus, OH",390490038,Smoky Row Near Road,40.11107,-83.065415,3/2/2023,11.8,49
"Columbus, OH",390490038,Smoky Row Near Road,40.11107,-83.065415,3/3/2023,12.2,51
"Columbus, OH",390490038,Smoky Row Near Road,40.11107,-83.065415,3/4/2023,6,25
"Columbus, OH",390490038,Smoky Row Near Road,40.11107,-83.065415,3/4/2023,7.7,32
"Columbus, OH",390490038,Smoky Row Near Road,40.11107,-83.065415,3/5/2023,9.4,39
"Columbus, OH",390490038,Smoky Row Near Road,40.11107,-83.065415,3/6/2023,7.6,32
"Columbus, OH",390490038,Smoky Row Near Road,40.11107,-83.065415,3/7/2023,3.2,13
"Columbus, OH",390490038,Smoky Row Near Road,40.11107,-83.065415,3/7/2023,4.5,19
"Columbus, OH",390490038,Smoky Row Near Road,40.11107,-83.065415,3/8/2023,3.5,15
"Columbus, OH",390490038,Smoky Row Near Road,40.11107,-83.065415,3/9/2023,5.8,24
"Columbus, OH",390490038,Smoky Row Near Road,40.11107,-83.065415,3/10/2023,6.7,28
"Columbus, OH",390490038,Smoky Row Near Road,40.11107,-83.065415,3/10/2023,8.6,36
"Columbus, OH",390490038,Smoky Row Near Road,40.11107,-83.065415,3/11/2023,4.7,20
"Columbus, OH",390490038,Smoky Row Near Road,40.11107,-83.065415,3/12/2023,9.8,41
"Columbus, OH",390490038,Smoky Row Near Road,40.11107,-83.065415,3/13/2023,7.2,30
"Columbus, OH",390490038,Smoky Row Near Road,40.11107,-83.065415,3/13/2023,9,38
"Columbus, OH",390490038,Smoky Row Near Road,40.11107,-83.065415,3/14/2023,4,17
"Columbus, OH",390490038,Smoky Row Near Road,40.11107,-83.065415,3/15/2023,9.4,39
"Columbus, OH",390490038,Smoky Row Near Road,40.11107,-83.065415,3/16/2023,8.4,35
"Columbus, OH",390490038,Smoky Row Near Road,40.11107,-83.065415,3/16/2023,10.6,44
"Columbus, OH",390490038,Smoky Row Near Road,40.11107,-83.065415,3/17/2023,13.5,54
"Columbus, OH",390490038,Smoky Row Near Road,40.11107,-83.065415,3/18/2023,5,21
"Columbus, OH",390490038,Smoky Row Near Road,40.11107,-83.065415,3/19/2023,4.7,20
"Columbus, OH",390490038,Smoky Row Near Road,40.11107,-83.065415,3/19/2023,6.4,27
"Columbus, OH",390490038,Smoky Row Near Road,40.11107,-83.065415,3/20/2023,8.7,36
"Columbus, OH",390490038,Smoky Row Near Road,40.11107,-83.065415,3/21/2023,9.3,39
"Columbus, OH",390490038,Smoky Row Near Road,40.11107,-83.065415,3/22/2023,14.1,55
"Columbus, OH",390490038,Smoky Row Near Road,40.11107,-83.065415,3/22/2023,17.7,63
"Columbus, OH",390490038,Smoky Row Near Road,40.11107,-83.065415,3/23/2023,13.7,54
"Columbus, OH",390490038,Smoky Row Near Road,40.11107,-83.065415,3/24/2023,7.5,31
"Columbus, OH",390490038,Smoky Row Near Road,40.11107,-83.065415,3/25/2023,2.3,10
"Columbus, OH",390490038,Smoky Row Near Road,40.11107,-83.065415,3/25/2023,3.5,15
"Columbus, OH",390490038,Smoky Row Near Road,40.11107,-83.065415,3/26/2023,8,33
"Columbus, OH",390490038,Smoky Row Near Road,40.11107,-83.065415,3/27/2023,11.9,50
"Columbus, OH",390490038,Smoky Row Near Road,40.11107,-83.065415,3/28/2023,7.5,31
"Columbus, OH",390490038,Smoky Row Near Road,40.11107,-83.065415,3/28/2023,9.4,39
"Columbus, OH",390490038,Smoky Row Near Road,40.11107,-83.065415,3/29/2023,12.2,51
"Columbus, OH",390490038,Smoky Row Near Road,40.11107,-83.065415,3/30/2023,9.5,40
"Columbus, OH",390490038,Smoky Row Near Road,40.11107,-83.065415,3/31/2023,11,46
"Columbus, OH",390490038,Smoky Row Near Road,40.11107,-83.065415,3/31/2023,12.8,52
"Columbus, OH",390490038,Smoky Row Near Road,40.11107,-83.065415,4/1/2023,5.3,22
"Columbus, OH",390490038,Smoky Row Near Road,40.11107,-83.065415,4/2/2023,6.2,26
"Columbus, OH",390490038,Smoky Row Near Road,40.11107,-83.065415,4/3/2023,11,46
"Columbus, OH",390490038,Smoky Row Near Road,40.11107,-83.065415,4/3/2023,7.7,32
"Columbus, OH",390490038,Smoky Row Near Road,40.11107,-83.065415,4/4/2023,10.4,43
"Columbus, OH",390490038,Smoky Row Near Road,40.11107,-83.065415,4/5/2023,11.9,50
"Columbus, OH",390490038,Smoky Row Near Road,40.11107,-83.065415,4/6/2023,4.4,18
"Columbus, OH",390490038,Smoky Row Near Road,40.11107,-83.065415,4/6/2023,6.7,28
"Columbus, OH",390490038,Smoky Row Near Road,40.11107,-83.065415,4/7/2023,6.1,25
"Columbus, OH",390490038,Smoky Row Near Road,40.11107,-83.065415,4/8/2023,6.8,28
"Columbus, OH",390490038,Smoky Row Near Road,40.11107,-83.065415,4/9/2023,9.5,40
"Columbus, OH",390490038,Smoky Row Near Road,40.11107,-83.065415,4/9/2023,10.5,44
"Columbus, OH",390490038,Smoky Row Near Road,40.11107,-83.065415,4/10/2023,10.4,43
"Columbus, OH",390490038,Smoky Row Near Road,40.11107,-83.065415,4/11/2023,11,46
"Columbus, OH",390490038,Smoky Row Near Road,40.11107,-83.065415,4/12/2023,12.2,51
"Columbus, OH",390490038,Smoky Row Near Road,40.11107,-83.065415,4/12/2023,14.9,57
"Columbus, OH",390490038,Smoky Row Near Road,40.11107,-83.065415,4/13/2023,14.5,56
"Columbus, OH",390490038,Smoky Row Near Road,40.11107,-83.065415,4/14/2023,18.3,64
"Columbus, OH",390490038,Smoky Row Near Road,40.11107,-83.065415,4/15/2023,8.6,36
"Columbus, OH",390490038,Smoky Row Near Road,40.11107,-83.065415,4/15/2023,9.3,39
"Columbus, OH",390490038,Smoky Row Near Road,40.11107,-83.065415,4/16/2023,8.8,37
"Columbus, OH",390490038,Smoky Row Near Road,40.11107,-83.065415,4/17/2023,3.9,16
"Columbus, OH",390490038,Smoky Row Near Road,40.11107,-83.065415,4/18/2023,4.5,19
"Columbus, OH",390490038,Smoky Row Near Road,40.11107,-83.065415,4/18/2023,6.6,28
"Columbus, OH",390490038,Smoky Row Near Road,40.11107,-83.065415,4/19/2023,9.9,41
"Columbus, OH",390490038,Smoky Row Near Road,40.11107,-83.065415,4/20/2023,13.8,55
"Columbus, OH",390490038,Smoky Row Near Road,40.11107,-83.065415,4/21/2023,8.2,34
"Columbus, OH",390490038,Smoky Row Near Road,40.11107,-83.065415,4/21/2023,9.7,40
"Columbus, OH",390490038,Smoky Row Near Road,40.11107,-83.065415,4/22/2023,5.4,23
"Columbus, OH",390490038,Smoky Row Near Road,40.11107,-83.065415,4/23/2023,4.3,18
"Columbus, OH",390490038,Smoky Row Near Road,40.11107,-83.065415,4/24/2023,6.4,27
"Columbus, OH",390490038,Smoky Row Near Road,40.11107,-83.065415,4/24/2023,8.5,35
"Columbus, OH",390490038,Smoky Row Near Road,40.11107,-83.065415,4/25/2023,14,55
"Columbus, OH",390490038,Smoky Row Near Road,40.11107,-83.065415,4/26/2023,14.3,56
"Columbus, OH",390490038,Smoky Row Near Road,40.11107,-83.065415,4/27/2023,6.2,26
"Columbus, OH",390490038,Smoky Row Near Road,40.11107,-83.065415,4/27/2023,8.8,37
"Columbus, OH",390490038,Smoky Row Near Road,40.11107,-83.065415,4/28/2023,7.1,30
"Columbus, OH",390490038,Smoky Row Near Road,40.11107,-83.065415,4/29/2023,7.7,32
"Columbus, OH",390490038,Smoky Row Near Road,40.11107,-83.065415,4/30/2023,3.7,15
"Columbus, OH",390490038,Smoky Row Near Road,40.11107,-83.065415,4/30/2023,5.1,21
"Columbus, OH",390490038,Smoky Row Near Road,40.11107,-83.065415,5/1/2023,2.6,11
"Columbus, OH",390490038,Smoky Row Near Road,40.11107,-83.065415,5/2/2023,3.2,13
"Columbus, OH",390490038,Smoky Row Near Road,40.11107,-83.065415,5/3/2023,1.9,8
"Columbus, OH",390490038,Smoky Row Near Road,40.11107,-83.065415,5/3/2023,3.1,13
"Columbus, OH",390490038,Smoky Row Near Road,40.11107,-83.065415,5/4/2023,5.4,23
"Columbus, OH",390490038,Smoky Row Near Road,40.11107,-83.065415,5/5/2023,6.6,28
"Columbus, OH",390490038,Smoky Row Near Road,40.11107,-83.065415,5/6/2023,7.9,33
"Columbus, OH",390490038,Smoky Row Near Road,40.11107,-83.065415,5/6/2023,7.6,32
"Columbus, OH",390490038,Smoky Row Near Road,40.11107,-83.065415,5/7/2023,10.3,43
"Columbus, OH",390490038,Smoky Row Near Road,40.11107,-83.065415,5/8/2023,10.9,45
"Columbus, OH",390490038,Smoky Row Near Road,40.11107,-83.065415,5/9/2023,5.1,21
"Columbus, OH",390490038,Smoky Row Near Road,40.11107,-83.065415,5/9/2023,5.3,22
"Columbus, OH",390490038,Smoky Row Near Road,40.11107,-83.065415,5/10/2023,7.7,32
"Columbus, OH",390490038,Smoky Row Near Road,40.11107,-83.065415,5/11/2023,12,50
"Columbus, OH",390490038,Smoky Row Near Road,40.11107,-83.065415,5/12/2023,13.5,54
"Columbus, OH",390490038,Smoky Row Near Road,40.11107,-83.065415,5/12/2023,14.6,56
"Columbus, OH",390490038,Smoky Row Near Road,40.11107,-83.065415,5/13/2023,9.4,39
"Columbus, OH",390490038,Smoky Row Near Road,40.11107,-83.065415,5/14/2023,9.2,38
"Columbus, OH",390490038,Smoky Row Near Road,40.11107,-83.065415,5/15/2023,6.7,28
"Columbus, OH",390490038,Smoky Row Near Road,40.11107,-83.065415,5/15/2023,7.2,30
"Columbus, OH",390490038,Smoky Row Near Road,40.11107,-83.065415,5/16/2023,9.2,38
"Columbus, OH",390490038,Smoky Row Near Road,40.11107,-83.065415,5/17/2023,6.8,28
"Columbus, OH",390490038,Smoky Row Near Road,40.11107,-83.065415,5/18/2023,7.6,32
"Columbus, OH",390490038,Smoky Row Near Road,40.11107,-83.065415,5/18/2023,9.3,39
"Columbus, OH",390490038,Smoky Row Near Road,40.11107,-83.065415,5/19/2023,11.8,49
"Columbus, OH",390490038,Smoky Row Near Road,40.11107,-83.065415,5/20/2023,20,68
"Columbus, OH",390490038,Smoky Row Near Road,40.11107,-83.065415,5/21/2023,8.7,36
"Columbus, OH",390490038,Smoky Row Near Road,40.11107,-83.065415,5/21/2023,10.4,43
"Columbus, OH",390490038,Smoky Row Near Road,40.11107,-83.065415,5/22/2023,11.2,47
"Columbus, OH",390490038,Smoky Row Near Road,40.11107,-83.065415,5/23/2023,15.1,57
"Columbus, OH",390490038,Smoky Row Near Road,40.11107,-83.065415,5/24/2023,12.5,52
"Columbus, OH",390490038,Smoky Row Near Road,40.11107,-83.065415,5/24/2023,14.5,56
"Columbus, OH",390490038,Smoky Row Near Road,40.11107,-83.065415,5/25/2023,4.7,20
"Columbus, OH",390490038,Smoky Row Near Road,40.11107,-83.065415,5/26/2023,4.4,18
"Columbus, OH",390490038,Smoky Row Near Road,40.11107,-83.065415,5/27/2023,7.9,33
"Columbus, OH",390490038,Smoky Row Near Road,40.11107,-83.065415,5/27/2023,7.4,31
"Columbus, OH",390490038,Smoky Row Near Road,40.11107,-83.065415,5/28/2023,9.3,39
"Columbus, OH",390490038,Smoky Row Near Road,40.11107,-83.065415,5/29/2023,9.6,40
"Columbus, OH",390490038,Smoky Row Near Road,40.11107,-83.065415,5/30/2023,8.5,35
"Columbus, OH",390490038,Smoky Row Near Road,40.11107,-83.065415,5/30/2023,7.3,30
"Columbus, OH",390490038,Smoky Row Near Road,40.11107,-83.065415,5/31/2023,6.9,29
"Columbus, OH",390490038,Smoky Row Near Road,40.11107,-83.065415,6/1/2023,11.4,48
"Columbus, OH",390490038,Smoky Row Near Road,40.11107,-83.065415,6/2/2023,12.5,52
"Columbus, OH",390490038,Smoky Row Near Road,40.11107,-83.065415,6/2/2023,14.3,56
"Columbus, OH",390490038,Smoky Row Near Road,40.11107,-83.065415,6/3/2023,18.8,65
"Columbus, OH",390490038,Smoky Row Near Road,40.11107,-83.065415,6/4/2023,16.4,60
"Columbus, OH",390490038,Smoky Row Near Road,40.11107,-83.065415,6/5/2023,24.2,76
"Columbus, OH",390490038,Smoky Row Near Road,40.11107,-83.065415,6/5/2023,31.2,91
"Columbus, OH",390490038,Smoky Row Near Road,40.11107,-83.065415,6/6/2023,39.8,112
"Columbus, OH",390490038,Smoky Row Near Road,40.11107,-83.065415,6/7/2023,51.4,140
"Columbus, OH",390490038,Smoky Row Near Road,40.11107,-83.065415,6/8/2023,27.8,84
"Columbus, OH",390490038,Smoky Row Near Road,40.11107,-83.065415,6/8/2023,41.8,117
"Columbus, OH",390490038,Smoky Row Near Road,40.11107,-83.065415,6/9/2023,33.3,96
"Columbus, OH",390490038,Smoky Row Near Road,40.11107,-83.065415,6/10/2023,25.5,79
"Columbus, OH",390490038,Smoky Row Near Road,40.11107,-83.065415,6/11/2023,19.7,67
"Columbus, OH",390490038,Smoky Row Near Road,40.11107,-83.065415,6/11/2023,22.8,74
"Columbus, OH",390490038,Smoky Row Near Road,40.11107,-83.065415,6/12/2023,8.4,35
"Columbus, OH",390490038,Smoky Row Near Road,40.11107,-83.065415,6/13/2023,11.9,50
"Columbus, OH",390490038,Smoky Row Near Road,40.11107,-83.065415,6/14/2023,5,21
"Columbus, OH",390490038,Smoky Row Near Road,40.11107,-83.065415,6/14/2023,6.6,28
"Columbus, OH",390490038,Smoky Row Near Road,40.11107,-83.065415,6/15/2023,15.6,58
"Columbus, OH",390490038,Smoky Row Near Road,40.11107,-83.065415,6/16/2023,23,74
"Columbus, OH",390490038,Smoky Row Near Road,40.11107,-83.065415,6/17/2023,31.5,92
"Columbus, OH",390490038,Smoky Row Near Road,40.11107,-83.065415,6/17/2023,40.6,114
"Columbus, OH",390490038,Smoky Row Near Road,40.11107,-83.065415,6/18/2023,36.3,103
"Columbus, OH",390490038,Smoky Row Near Road,40.11107,-83.065415,6/19/2023,25.7,80
"Columbus, OH",390490038,Smoky Row Near Road,40.11107,-83.065415,6/20/2023,12.4,52
"Columbus, OH",390490038,Smoky Row Near Road,40.11107,-83.065415,6/20/2023,13.4,54
"Columbus, OH",390490038,Smoky Row Near Road,40.11107,-83.065415,6/21/2023,17.5,62
"Columbus, OH",390490038,Smoky Row Near Road,40.11107,-83.065415,6/22/2023,5.2,22
"Columbus, OH",390490038,Smoky Row Near Road,40.11107,-83.065415,6/23/2023,3.9,16
"Columbus, OH",390490038,Smoky Row Near Road,40.11107,-83.065415,6/23/2023,4.6,19
"Columbus, OH",390490038,Smoky Row Near Road,40.11107,-83.065415,6/24/2023,5.6,23
"Columbus, OH",390490038,Smoky Row Near Road,40.11107,-83.065415,6/25/2023,15.3,58
"Columbus, OH",390490038,Smoky Row Near Road,40.11107,-83.065415,6/26/2023,7,29
"Columbus, OH",390490038,Smoky Row Near Road,40.11107,-83.065415,6/26/2023,7.7,32
"Columbus, OH",390490038,Smoky Row Near Road,40.11107,-83.065415,6/27/2023,70.4,159
"Columbus, OH",390490038,Smoky Row Near Road,40.11107,-83.065415,6/28/2023,134.9,192
"Columbus, OH",390490038,Smoky Row Near Road,40.11107,-83.065415,6/29/2023,83.2,165
"Columbus, OH",390490038,Smoky Row Near Road,40.11107,-83.065415,6/29/2023,100.5,174
"Columbus, OH",390490038,Smoky Row Near Road,40.11107,-83.065415,6/30/2023,11.5,48
"Columbus, OH",390490038,Smoky Row Near Road,40.11107,-83.065415,7/1/2023,8.7,36
"Columbus, OH",390490038,Smoky Row Near Road,40.11107,-83.065415,7/2/2023,6.1,25
"Columbus, OH",390490038,Smoky Row Near Road,40.11107,-83.065415,7/2/2023,5.8,24
"Columbus, OH",390490038,Smoky Row Near Road,40.11107,-83.065415,7/3/2023,5.2,22
"Columbus, OH",390490038,Smoky Row Near Road,40.11107,-83.065415,7/4/2023,16.5,60
"Columbus, OH",390490038,Smoky Row Near Road,40.11107,-83.065415,7/5/2023,24,76
"Columbus, OH",390490038,Smoky Row Near Road,40.11107,-83.065415,7/6/2023,9.2,38
"Columbus, OH",390490038,Smoky Row Near Road,40.11107,-83.065415,7/7/2023,7.9,33
"Columbus, OH",390490038,Smoky Row Near Road,40.11107,-83.065415,7/8/2023,7.8,33
"Columbus, OH",390490038,Smoky Row Near Road,40.11107,-83.065415,7/9/2023,6,25
"Columbus, OH",390490038,Smoky Row Near Road,40.11107,-83.065415,7/10/2023,8.8,37
"Columbus, OH",390490038,Smoky Row Near Road,40.11107,-83.065415,7/11/2023,10.7,45
"Columbus, OH",390490038,Smoky Row Near Road,40.11107,-83.065415,7/12/2023,10.7,45
"Columbus, OH",390490038,Smoky Row Near Road,40.11107,-83.065415,7/13/2023,6.4,27
"Columbus, OH",390490038,Smoky Row Near Road,40.11107,-83.065415,7/13/2023,5.5,23
"Columbus, OH",390490038,Smoky Row Near Road,40.11107,-83.065415,7/14/2023,6,25
"Columbus, OH",390490038,Smoky Row Near Road,40.11107,-83.065415,7/14/2023,4.8,20
"Columbus, OH",390490038,Smoky Row Near Road,40.11107,-83.065415,7/15/2023,8.5,35
"Columbus, OH",390490038,Smoky Row Near Road,40.11107,-83.065415,7/15/2023,6.8,28
"Columbus, OH",390490038,Smoky Row Near Road,40.11107,-83.065415,7/16/2023,26.6,81
"Columbus, OH",390490038,Smoky Row Near Road,40.11107,-83.065415,7/17/2023,46.4,128
"Columbus, OH",390490038,Smoky Row Near Road,40.11107,-83.065415,7/17/2023,51.1,139
"Columbus, OH",390490038,Smoky Row Near Road,40.11107,-83.065415,7/18/2023,20.9,70
"Columbus, OH",390490038,Smoky Row Near Road,40.11107,-83.065415,7/19/2023,16.5,60
"Columbus, OH",390490038,Smoky Row Near Road,40.11107,-83.065415,7/20/2023,9.5,40
"Columbus, OH",390490038,Smoky Row Near Road,40.11107,-83.065415,7/20/2023,8.5,35
"Columbus, OH",390490038,Smoky Row Near Road,40.11107,-83.065415,7/21/2023,5.7,24
"Columbus, OH",390490038,Smoky Row Near Road,40.11107,-83.065415,7/22/2023,9.3,39
"Columbus, OH",390490038,Smoky Row Near Road,40.11107,-83.065415,7/23/2023,11.3,47
"Columbus, OH",390490038,Smoky Row Near Road,40.11107,-83.065415,7/23/2023,10.5,44
"Columbus, OH",390490038,Smoky Row Near Road,40.11107,-83.065415,7/24/2023,10.7,45
"Columbus, OH",390490038,Smoky Row Near Road,40.11107,-83.065415,7/25/2023,20.5,69
"Columbus, OH",390490038,Smoky Row Near Road,40.11107,-83.065415,7/26/2023,20.8,69
"Columbus, OH",390490038,Smoky Row Near Road,40.11107,-83.065415,7/26/2023,19.2,66
"Columbus, OH",390490038,Smoky Row Near Road,40.11107,-83.065415,7/27/2023,14.7,56
"Columbus, OH",390490038,Smoky Row Near Road,40.11107,-83.065415,7/28/2023,6.9,29
"Columbus, OH",390490038,Smoky Row Near Road,40.11107,-83.065415,7/29/2023,4.4,18
"Columbus, OH",390490038,Smoky Row Near Road,40.11107,-83.065415,7/30/2023,5.6,23
"Columbus, OH",390490038,Smoky Row Near Road,40.11107,-83.065415,7/31/2023,5.3,22
"Columbus, OH",390490038,Smoky Row Near Road,40.11107,-83.065415,8/1/2023,10.5,44
"Columbus, OH",390490038,Smoky Row Near Road,40.11107,-83.065415,8/2/2023,20.4,68
"Columbus, OH",390490038,Smoky Row Near Road,40.11107,-83.065415,8/3/2023,17.9,63
"Columbus, OH",390490038,Smoky Row Near Road,40.11107,-83.065415,8/4/2023,18,63
"Columbus, OH",390490038,Smoky Row Near Road,40.11107,-83.065415,8/4/2023,18.4,64
"Columbus, OH",390490038,Smoky Row Near Road,40.11107,-83.065415,8/5/2023,17.6,63
"Columbus, OH",390490038,Smoky Row Near Road,40.11107,-83.065415,8/5/2023,19.1,66
"Columbus, OH",390490038,Smoky Row Near Road,40.11107,-83.065415,8/6/2023,9.2,38
"Columbus, OH",390490038,Smoky Row Near Road,40.11107,-83.065415,8/7/2023,4,17
"Columbus, OH",390490038,Smoky Row Near Road,40.11107,-83.065415,8/7/2023,4,17
"Columbus, OH",390490038,Smoky Row Near Road,40.11107,-83.065415,8/8/2023,6.8,28
"Columbus, OH",390490038,Smoky Row Near Road,40.11107,-83.065415,8/8/2023,6.8,28
"Columbus, OH",390490038,Smoky Row Near Road,40.11107,-83.065415,8/9/2023,10.4,43
"Columbus, OH",390490038,Smoky Row Near Road,40.11107,-83.065415,8/10/2023,7,29
"Columbus, OH",390490038,Smoky Row Near Road,40.11107,-83.065415,8/10/2023,7.6,32
"Columbus, OH",390490038,Smoky Row Near Road,40.11107,-83.065415,8/11/2023,12.1,51
"Columbus, OH",390490038,Smoky Row Near Road,40.11107,-83.065415,8/12/2023,7.3,30
"Columbus, OH",390490038,Smoky Row Near Road,40.11107,-83.065415,8/13/2023,5.8,24
"Columbus, OH",390490038,Smoky Row Near Road,40.11107,-83.065415,8/13/2023,4.3,18
"Columbus, OH",390490038,Smoky Row Near Road,40.11107,-83.065415,8/14/2023,5.5,23
"Columbus, OH",390490038,Smoky Row Near Road,40.11107,-83.065415,8/15/2023,3.4,14
"Columbus, OH",390490038,Smoky Row Near Road,40.11107,-83.065415,8/16/2023,14.3,56
"Columbus, OH",390490038,Smoky Row Near Road,40.11107,-83.065415,8/16/2023,15.8,59
"Columbus, OH",390490038,Smoky Row Near Road,40.11107,-83.065415,8/17/2023,11.2,47
"Columbus, OH",390490038,Smoky Row Near Road,40.11107,-83.065415,8/18/2023,16.4,60
"Columbus, OH",390490038,Smoky Row Near Road,40.11107,-83.065415,8/19/2023,20.6,69
"Columbus, OH",390490038,Smoky Row Near Road,40.11107,-83.065415,8/19/2023,23.7,75
"Columbus, OH",390490038,Smoky Row Near Road,40.11107,-83.065415,8/20/2023,15.6,58
"Columbus, OH",390490038,Smoky Row Near Road,40.11107,-83.065415,8/21/2023,14.2,55
"Columbus, OH",390490038,Smoky Row Near Road,40.11107,-83.065415,8/22/2023,11.1,46
"Columbus, OH",390490038,Smoky Row Near Road,40.11107,-83.065415,8/22/2023,11.9,50
"Columbus, OH",390490038,Smoky Row Near Road,40.11107,-83.065415,8/23/2023,11.6,48
"Columbus, OH",390490038,Smoky Row Near Road,40.11107,-83.065415,8/24/2023,6.9,29
"Columbus, OH",390490038,Smoky Row Near Road,40.11107,-83.065415,8/25/2023,11.8,49
"Columbus, OH",390490038,Smoky Row Near Road,40.11107,-83.065415,8/25/2023,8.8,37
"Columbus, OH",390490038,Smoky Row Near Road,40.11107,-83.065415,8/26/2023,6.9,29
"Columbus, OH",390490038,Smoky Row Near Road,40.11107,-83.065415,8/27/2023,5.6,23
"Columbus, OH",390490038,Smoky Row Near Road,40.11107,-83.065415,8/28/2023,6.2,26
"Columbus, OH",390490038,Smoky Row Near Road,40.11107,-83.065415,8/28/2023,5.3,22
"Columbus, OH",390490038,Smoky Row Near Road,40.11107,-83.065415,8/29/2023,6.8,28
"Columbus, OH",390490038,Smoky Row Near Road,40.11107,-83.065415,8/30/2023,4.8,20
"Columbus, OH",390490038,Smoky Row Near Road,40.11107,-83.065415,8/31/2023,3.8,16
"Columbus, OH",390490038,Smoky Row Near Road,40.11107,-83.065415,8/31/2023,3.8,16
"Lima, OH",390030009,Lima,40.770944,-84.0539,1/1/2023,10.4,43
"Lima, OH",390030009,Lima,40.770944,-84.0539,1/2/2023,6.5,27
"Lima, OH",390030009,Lima,40.770944,-84.0539,1/3/2023,4.4,18
"Lima, OH",390030009,Lima,40.770944,-84.0539,1/4/2023,5.2,22
"Lima, OH",390030009,Lima,40.770944,-84.0539,1/5/2023,4.8,20
"Lima, OH",390030009,Lima,40.770944,-84.0539,1/6/2023,6.3,26
"Lima, OH",390030009,Lima,40.770944,-84.0539,1/6/2023,4.9,20
"Lima, OH",390030009,Lima,40.770944,-84.0539,1/7/2023,5.3,22
"Lima, OH",390030009,Lima,40.770944,-84.0539,1/8/2023,9.7,40
"Lima, OH",390030009,Lima,40.770944,-84.0539,1/9/2023,13.1,53
"Lima, OH",390030009,Lima,40.770944,-84.0539,1/10/2023,12.9,53
"Lima, OH",390030009,Lima,40.770944,-84.0539,1/11/2023,11.4,48
"Lima, OH",390030009,Lima,40.770944,-84.0539,1/12/2023,14.6,56
"Lima, OH",390030009,Lima,40.770944,-84.0539,1/12/2023,11.4,48
"Lima, OH",390030009,Lima,40.770944,-84.0539,1/13/2023,2.4,10
"Lima, OH",390030009,Lima,40.770944,-84.0539,1/14/2023,3.7,15
"Lima, OH",390030009,Lima,40.770944,-84.0539,1/15/2023,5.4,23
"Lima, OH",390030009,Lima,40.770944,-84.0539,1/16/2023,5.1,21
"Lima, OH",390030009,Lima,40.770944,-84.0539,1/17/2023,6.2,26
"Lima, OH",390030009,Lima,40.770944,-84.0539,1/18/2023,11.4,48
"Lima, OH",390030009,Lima,40.770944,-84.0539,1/18/2023,10.2,43
"Lima, OH",390030009,Lima,40.770944,-84.0539,1/19/2023,4.2,18
"Lima, OH",390030009,Lima,40.770944,-84.0539,1/20/2023,3.9,16
"Lima, OH",390030009,Lima,40.770944,-84.0539,1/21/2023,6.5,27
"Lima, OH",390030009,Lima,40.770944,-84.0539,1/22/2023,7.6,32
"Lima, OH",390030009,Lima,40.770944,-84.0539,1/23/2023,9.1,38
"Lima, OH",390030009,Lima,40.770944,-84.0539,1/24/2023,17.6,63
"Lima, OH",390030009,Lima,40.770944,-84.0539,1/24/2023,13.6,54
"Lima, OH",390030009,Lima,40.770944,-84.0539,1/25/2023,8.8,37
"Lima, OH",390030009,Lima,40.770944,-84.0539,1/26/2023,7.9,33
"Lima, OH",390030009,Lima,40.770944,-84.0539,1/27/2023,4.3,18
"Lima, OH",390030009,Lima,40.770944,-84.0539,1/28/2023,5.4,23
"Lima, OH",390030009,Lima,40.770944,-84.0539,1/29/2023,8.1,34
"Lima, OH",390030009,Lima,40.770944,-84.0539,1/30/2023,7.2,30
"Lima, OH",390030009,Lima,40.770944,-84.0539,1/30/2023,6.3,26
"Lima, OH",390030009,Lima,40.770944,-84.0539,1/31/2023,5.4,23
"Lima, OH",390030009,Lima,40.770944,-84.0539,2/1/2023,10.4,43
"Lima, OH",390030009,Lima,40.770944,-84.0539,2/2/2023,9,38
"Lima, OH",390030009,Lima,40.770944,-84.0539,2/3/2023,3.5,15
"Lima, OH",390030009,Lima,40.770944,-84.0539,2/4/2023,4.2,18
"Lima, OH",390030009,Lima,40.770944,-84.0539,2/5/2023,6.4,27
"Lima, OH",390030009,Lima,40.770944,-84.0539,2/5/2023,4.2,18
"Lima, OH",390030009,Lima,40.770944,-84.0539,2/6/2023,9.9,41
"Lima, OH",390030009,Lima,40.770944,-84.0539,2/7/2023,7.6,32
"Lima, OH",390030009,Lima,40.770944,-84.0539,2/8/2023,11.8,49
"Lima, OH",390030009,Lima,40.770944,-84.0539,2/9/2023,6.9,29
"Lima, OH",390030009,Lima,40.770944,-84.0539,2/10/2023,10,42
"Lima, OH",390030009,Lima,40.770944,-84.0539,2/11/2023,1.9,8
"Lima, OH",390030009,Lima,40.770944,-84.0539,2/11/2023,5.2,22
"Lima, OH",390030009,Lima,40.770944,-84.0539,2/12/2023,5.7,24
"Lima, OH",390030009,Lima,40.770944,-84.0539,2/13/2023,4.3,18
"Lima, OH",390030009,Lima,40.770944,-84.0539,2/14/2023,5.1,21
"Lima, OH",390030009,Lima,40.770944,-84.0539,2/15/2023,4.5,19
"Lima, OH",390030009,Lima,40.770944,-84.0539,2/16/2023,8.9,37
"Lima, OH",390030009,Lima,40.770944,-84.0539,2/17/2023,5.1,21
"Lima, OH",390030009,Lima,40.770944,-84.0539,2/17/2023,3.4,14
"Lima, OH",390030009,Lima,40.770944,-84.0539,2/18/2023,5.4,23
"Lima, OH",390030009,Lima,40.770944,-84.0539,2/19/2023,4.4,18
"Lima, OH",390030009,Lima,40.770944,-84.0539,2/20/2023,8.2,34
"Lima, OH",390030009,Lima,40.770944,-84.0539,2/21/2023,8,33
"Lima, OH",390030009,Lima,40.770944,-84.0539,2/22/2023,4.8,20
"Lima, OH",390030009,Lima,40.770944,-84.0539,2/23/2023,4.1,17
"Lima, OH",390030009,Lima,40.770944,-84.0539,2/23/2023,5.1,21
"Lima, OH",390030009,Lima,40.770944,-84.0539,2/24/2023,3.4,14
"Lima, OH",390030009,Lima,40.770944,-84.0539,2/25/2023,7.4,31
"Lima, OH",390030009,Lima,40.770944,-84.0539,2/26/2023,9.8,41
"Lima, OH",390030009,Lima,40.770944,-84.0539,2/27/2023,8.3,35
"Lima, OH",390030009,Lima,40.770944,-84.0539,2/28/2023,3.8,16
"Lima, OH",390030009,Lima,40.770944,-84.0539,3/1/2023,7.7,32
"Lima, OH",390030009,Lima,40.770944,-84.0539,3/1/2023,8,33
"Lima, OH",390030009,Lima,40.770944,-84.0539,3/2/2023,8.3,35
"Lima, OH",390030009,Lima,40.770944,-84.0539,3/3/2023,10.1,42
"Lima, OH",390030009,Lima,40.770944,-84.0539,3/4/2023,7.4,31
"Lima, OH",390030009,Lima,40.770944,-84.0539,3/5/2023,7.1,30
"Lima, OH",390030009,Lima,40.770944,-84.0539,3/6/2023,6.5,27
"Lima, OH",390030009,Lima,40.770944,-84.0539,3/7/2023,3.7,15
"Lima, OH",390030009,Lima,40.770944,-84.0539,3/7/2023,3.9,16
"Lima, OH",390030009,Lima,40.770944,-84.0539,3/8/2023,3.6,15
"Lima, OH",390030009,Lima,40.770944,-84.0539,3/9/2023,2.7,11
"Lima, OH",390030009,Lima,40.770944,-84.0539,3/10/2023,6.3,26
"Lima, OH",390030009,Lima,40.770944,-84.0539,3/11/2023,2.1,9
"Lima, OH",390030009,Lima,40.770944,-84.0539,3/12/2023,5.8,24
"Lima, OH",390030009,Lima,40.770944,-84.0539,3/13/2023,7.3,30
"Lima, OH",390030009,Lima,40.770944,-84.0539,3/13/2023,6.1,25
"Lima, OH",390030009,Lima,40.770944,-84.0539,3/14/2023,2.7,11
"Lima, OH",390030009,Lima,40.770944,-84.0539,3/15/2023,4.9,20
"Lima, OH",390030009,Lima,40.770944,-84.0539,3/16/2023,6.2,26
"Lima, OH",390030009,Lima,40.770944,-84.0539,3/17/2023,6.4,27
"Lima, OH",390030009,Lima,40.770944,-84.0539,3/18/2023,3,13
"Lima, OH",390030009,Lima,40.770944,-84.0539,3/19/2023,4.4,18
"Lima, OH",390030009,Lima,40.770944,-84.0539,3/19/2023,3.7,15
"Lima, OH",390030009,Lima,40.770944,-84.0539,3/20/2023,5.4,23
"Lima, OH",390030009,Lima,40.770944,-84.0539,3/21/2023,7.9,33
"Lima, OH",390030009,Lima,40.770944,-84.0539,3/22/2023,12.9,53
"Lima, OH",390030009,Lima,40.770944,-84.0539,3/23/2023,7.9,33
"Lima, OH",390030009,Lima,40.770944,-84.0539,3/24/2023,7.8,33
"Lima, OH",390030009,Lima,40.770944,-84.0539,3/25/2023,3,13
"Lima, OH",390030009,Lima,40.770944,-84.0539,3/25/2023,3,13
"Lima, OH",390030009,Lima,40.770944,-84.0539,3/26/2023,6,25
"Lima, OH",390030009,Lima,40.770944,-84.0539,3/27/2023,8.6,36
"Lima, OH",390030009,Lima,40.770944,-84.0539,3/28/2023,8.2,34
"Lima, OH",390030009,Lima,40.770944,-84.0539,3/29/2023,8.1,34
"Lima, OH",390030009,Lima,40.770944,-84.0539,3/30/2023,6,25
"Lima, OH",390030009,Lima,40.770944,-84.0539,3/31/2023,10.7,45
"Lima, OH",390030009,Lima,40.770944,-84.0539,3/31/2023,9.7,40
"Lima, OH",390030009,Lima,40.770944,-84.0539,4/1/2023,5,21
"Lima, OH",390030009,Lima,40.770944,-84.0539,4/2/2023,4.6,19
"Lima, OH",390030009,Lima,40.770944,-84.0539,4/3/2023,,
"Lima, OH",390030009,Lima,40.770944,-84.0539,4/4/2023,,
"Lima, OH",390030009,Lima,40.770944,-84.0539,4/5/2023,,
"Lima, OH",390030009,Lima,40.770944,-84.0539,4/6/2023,45.8,126
"Lima, OH",390030009,Lima,40.770944,-84.0539,4/7/2023,5,21
"Lima, OH",390030009,Lima,40.770944,-84.0539,4/8/2023,4.3,18
"Lima, OH",390030009,Lima,40.770944,-84.0539,4/9/2023,6.8,28
"Lima, OH",390030009,Lima,40.770944,-84.0539,4/10/2023,7,29
"Lima, OH",390030009,Lima,40.770944,-84.0539,4/11/2023,8.8,37
"Lima, OH",390030009,Lima,40.770944,-84.0539,4/12/2023,7.9,33
"Lima, OH",390030009,Lima,40.770944,-84.0539,4/12/2023,6.8,28
"Lima, OH",390030009,Lima,40.770944,-84.0539,4/13/2023,9.7,40
"Lima, OH",390030009,Lima,40.770944,-84.0539,4/14/2023,8.3,35
"Lima, OH",390030009,Lima,40.770944,-84.0539,4/15/2023,9.4,39
"Lima, OH",390030009,Lima,40.770944,-84.0539,4/16/2023,4,17
"Lima, OH",390030009,Lima,40.770944,-84.0539,4/17/2023,1.8,8
"Lima, OH",390030009,Lima,40.770944,-84.0539,4/18/2023,4.9,20
"Lima, OH",390030009,Lima,40.770944,-84.0539,4/18/2023,4.3,18
"Lima, OH",390030009,Lima,40.770944,-84.0539,4/19/2023,7.5,31
"Lima, OH",390030009,Lima,40.770944,-84.0539,4/20/2023,8.1,34
"Lima, OH",390030009,Lima,40.770944,-84.0539,4/21/2023,5.9,25
"Lima, OH",390030009,Lima,40.770944,-84.0539,4/22/2023,5.4,23
"Lima, OH",390030009,Lima,40.770944,-84.0539,4/23/2023,2.8,12
"Lima, OH",390030009,Lima,40.770944,-84.0539,4/24/2023,7.9,33
"Lima, OH",390030009,Lima,40.770944,-84.0539,4/24/2023,7,29
"Lima, OH",390030009,Lima,40.770944,-84.0539,4/25/2023,10.5,44
"Lima, OH",390030009,Lima,40.770944,-84.0539,4/26/2023,10.8,45
"Lima, OH",390030009,Lima,40.770944,-84.0539,4/27/2023,6.4,27
"Lima, OH",390030009,Lima,40.770944,-84.0539,4/28/2023,4.2,18
"Lima, OH",390030009,Lima,40.770944,-84.0539,4/29/2023,5.4,23
"Lima, OH",390030009,Lima,40.770944,-84.0539,4/30/2023,3.1,13
"Lima, OH",390030009,Lima,40.770944,-84.0539,4/30/2023,2.7,11
"Lima, OH",390030009,Lima,40.770944,-84.0539,5/1/2023,1.2,5
"Lima, OH",390030009,Lima,40.770944,-84.0539,5/2/2023,1.3,5
"Lima, OH",390030009,Lima,40.770944,-84.0539,5/3/2023,2.1,9
"Lima, OH",390030009,Lima,40.770944,-84.0539,5/4/2023,3.6,15
"Lima, OH",390030009,Lima,40.770944,-84.0539,5/5/2023,4.9,20
"Lima, OH",390030009,Lima,40.770944,-84.0539,5/6/2023,8.2,34
"Lima, OH",390030009,Lima,40.770944,-84.0539,5/6/2023,6.7,28
"Lima, OH",390030009,Lima,40.770944,-84.0539,5/7/2023,6.4,27
"Lima, OH",390030009,Lima,40.770944,-84.0539,5/8/2023,8.7,36
"Lima, OH",390030009,Lima,40.770944,-84.0539,5/9/2023,4.5,19
"Lima, OH",390030009,Lima,40.770944,-84.0539,5/10/2023,4.2,18
"Lima, OH",390030009,Lima,40.770944,-84.0539,5/11/2023,7.1,30
"Lima, OH",390030009,Lima,40.770944,-84.0539,5/12/2023,11,46
"Lima, OH",390030009,Lima,40.770944,-84.0539,5/12/2023,9.9,41
"Lima, OH",390030009,Lima,40.770944,-84.0539,5/13/2023,9.5,40
"Lima, OH",390030009,Lima,40.770944,-84.0539,5/14/2023,5.7,24
"Lima, OH",390030009,Lima,40.770944,-84.0539,5/15/2023,4.3,18
"Lima, OH",390030009,Lima,40.770944,-84.0539,5/16/2023,6.6,28
"Lima, OH",390030009,Lima,40.770944,-84.0539,5/17/2023,3.9,16
"Lima, OH",390030009,Lima,40.770944,-84.0539,5/18/2023,5.5,23
"Lima, OH",390030009,Lima,40.770944,-84.0539,5/18/2023,5.4,23
"Lima, OH",390030009,Lima,40.770944,-84.0539,5/19/2023,9.6,40
"Lima, OH",390030009,Lima,40.770944,-84.0539,5/20/2023,14.6,56
"Lima, OH",390030009,Lima,40.770944,-84.0539,5/21/2023,7.3,30
"Lima, OH",390030009,Lima,40.770944,-84.0539,5/22/2023,6.1,25
"Lima, OH",390030009,Lima,40.770944,-84.0539,5/23/2023,10.8,45
"Lima, OH",390030009,Lima,40.770944,-84.0539,5/24/2023,10.4,43
"Lima, OH",390030009,Lima,40.770944,-84.0539,5/24/2023,9.3,39
"Lima, OH",390030009,Lima,40.770944,-84.0539,5/25/2023,2.8,12
"Lima, OH",390030009,Lima,40.770944,-84.0539,5/26/2023,4.5,19
"Lima, OH",390030009,Lima,40.770944,-84.0539,5/27/2023,3.8,16
"Lima, OH",390030009,Lima,40.770944,-84.0539,5/28/2023,6,25
"Lima, OH",390030009,Lima,40.770944,-84.0539,5/29/2023,7.4,31
"Lima, OH",390030009,Lima,40.770944,-84.0539,5/30/2023,6.3,26
"Lima, OH",390030009,Lima,40.770944,-84.0539,5/30/2023,4.4,18
"Lima, OH",390030009,Lima,40.770944,-84.0539,5/31/2023,3.3,14
"Lima, OH",390030009,Lima,40.770944,-84.0539,6/1/2023,7.4,31
"Lima, OH",390030009,Lima,40.770944,-84.0539,6/2/2023,11.3,47
"Lima, OH",390030009,Lima,40.770944,-84.0539,6/3/2023,12.2,51
"Lima, OH",390030009,Lima,40.770944,-84.0539,6/4/2023,6.8,28
"Lima, OH",390030009,Lima,40.770944,-84.0539,6/5/2023,24.6,77
"Lima, OH",390030009,Lima,40.770944,-84.0539,6/5/2023,24.5,77
"Lima, OH",390030009,Lima,40.770944,-84.0539,6/6/2023,35.1,99
"Lima, OH",390030009,Lima,40.770944,-84.0539,6/7/2023,36.9,104
"Lima, OH",390030009,Lima,40.770944,-84.0539,6/8/2023,25.4,79
"Lima, OH",390030009,Lima,40.770944,-84.0539,6/9/2023,11.2,47
"Lima, OH",390030009,Lima,40.770944,-84.0539,6/10/2023,16.7,61
"Lima, OH",390030009,Lima,40.770944,-84.0539,6/11/2023,17.2,62
"Lima, OH",390030009,Lima,40.770944,-84.0539,6/11/2023,15.4,58
"Lima, OH",390030009,Lima,40.770944,-84.0539,6/12/2023,6.7,28
"Lima, OH",390030009,Lima,40.770944,-84.0539,6/13/2023,7.6,32
"Lima, OH",390030009,Lima,40.770944,-84.0539,6/14/2023,4.3,18
"Lima, OH",390030009,Lima,40.770944,-84.0539,6/15/2023,12.4,52
"Lima, OH",390030009,Lima,40.770944,-84.0539,6/16/2023,18.3,64
"Lima, OH",390030009,Lima,40.770944,-84.0539,6/17/2023,28.5,85
"Lima, OH",390030009,Lima,40.770944,-84.0539,6/17/2023,31.3,91
"Lima, OH",390030009,Lima,40.770944,-84.0539,6/18/2023,20.9,70
"Lima, OH",390030009,Lima,40.770944,-84.0539,6/19/2023,16,59
"Lima, OH",390030009,Lima,40.770944,-84.0539,6/20/2023,10.7,45
"Lima, OH",390030009,Lima,40.770944,-84.0539,6/21/2023,16.2,60
"Lima, OH",390030009,Lima,40.770944,-84.0539,6/22/2023,4.8,20
"Lima, OH",390030009,Lima,40.770944,-84.0539,6/23/2023,5.7,24
"Lima, OH",390030009,Lima,40.770944,-84.0539,6/23/2023,4.8,20
"Lima, OH",390030009,Lima,40.770944,-84.0539,6/24/2023,4.6,19
"Lima, OH",390030009,Lima,40.770944,-84.0539,6/25/2023,8.2,34
"Lima, OH",390030009,Lima,40.770944,-84.0539,6/26/2023,7.7,32
"Lima, OH",390030009,Lima,40.770944,-84.0539,6/27/2023,90.2,169
"Lima, OH",390030009,Lima,40.770944,-84.0539,6/28/2023,117.4,183
"Lima, OH",390030009,Lima,40.770944,-84.0539,6/29/2023,78.2,163
"Lima, OH",390030009,Lima,40.770944,-84.0539,6/29/2023,79.6,163
"Lima, OH",390030009,Lima,40.770944,-84.0539,6/30/2023,15,57
"Lima, OH",390030009,Lima,40.770944,-84.0539,7/1/2023,9.1,38
"Lima, OH",390030009,Lima,40.770944,-84.0539,7/2/2023,3,13
"Lima, OH",390030009,Lima,40.770944,-84.0539,7/3/2023,3.8,16
"Lima, OH",390030009,Lima,40.770944,-84.0539,7/4/2023,10.5,44
"Lima, OH",390030009,Lima,40.770944,-84.0539,7/5/2023,12.2,51
"Lima, OH",390030009,Lima,40.770944,-84.0539,7/5/2023,9.6,40
"Lima, OH",390030009,Lima,40.770944,-84.0539,7/6/2023,7.2,30
"Lima, OH",390030009,Lima,40.770944,-84.0539,7/7/2023,8.4,35
"Lima, OH",390030009,Lima,40.770944,-84.0539,7/8/2023,5.1,21
"Lima, OH",390030009,Lima,40.770944,-84.0539,7/9/2023,4.3,18
"Lima, OH",390030009,Lima,40.770944,-84.0539,7/10/2023,6.6,28
"Lima, OH",390030009,Lima,40.770944,-84.0539,7/11/2023,9.6,40
"Lima, OH",390030009,Lima,40.770944,-84.0539,7/11/2023,8.4,35
"Lima, OH",390030009,Lima,40.770944,-84.0539,7/12/2023,9,38
"Lima, OH",390030009,Lima,40.770944,-84.0539,7/13/2023,2.5,10
"Lima, OH",390030009,Lima,40.770944,-84.0539,7/14/2023,3.3,14
"Lima, OH",390030009,Lima,40.770944,-84.0539,7/15/2023,2.7,11
"Lima, OH",390030009,Lima,40.770944,-84.0539,7/16/2023,35,99
"Lima, OH",390030009,Lima,40.770944,-84.0539,7/17/2023,49.7,136
"Lima, OH",390030009,Lima,40.770944,-84.0539,7/17/2023,47.8,131
"Lima, OH",390030009,Lima,40.770944,-84.0539,7/18/2023,21.6,71
"Lima, OH",390030009,Lima,40.770944,-84.0539,7/19/2023,7.7,32
"Lima, OH",390030009,Lima,40.770944,-84.0539,7/20/2023,8.7,36
"Lima, OH",390030009,Lima,40.770944,-84.0539,7/21/2023,4.2,18
"Lima, OH",390030009,Lima,40.770944,-84.0539,7/22/2023,7.6,32
"Lima, OH",390030009,Lima,40.770944,-84.0539,7/23/2023,9.4,39
"Lima, OH",390030009,Lima,40.770944,-84.0539,7/23/2023,7,29
"Lima, OH",390030009,Lima,40.770944,-84.0539,7/24/2023,9.3,39
"Lima, OH",390030009,Lima,40.770944,-84.0539,7/25/2023,20.7,69
"Lima, OH",390030009,Lima,40.770944,-84.0539,7/26/2023,18.2,64
"Lima, OH",390030009,Lima,40.770944,-84.0539,7/27/2023,9.9,41
"Lima, OH",390030009,Lima,40.770944,-84.0539,7/28/2023,6.4,27
"Lima, OH",390030009,Lima,40.770944,-84.0539,7/29/2023,4.5,19
"Lima, OH",390030009,Lima,40.770944,-84.0539,7/29/2023,2.8,12
"Lima, OH",390030009,Lima,40.770944,-84.0539,7/30/2023,3.3,14
"Lima, OH",390030009,Lima,40.770944,-84.0539,7/31/2023,3.2,13
"Lima, OH",390030009,Lima,40.770944,-84.0539,8/1/2023,6.8,28
"Lima, OH",390030009,Lima,40.770944,-84.0539,8/2/2023,15.4,58
"Lima, OH",390030009,Lima,40.770944,-84.0539,8/3/2023,19,66
"Lima, OH",390030009,Lima,40.770944,-84.0539,8/4/2023,17.5,62
"Lima, OH",390030009,Lima,40.770944,-84.0539,8/4/2023,14.2,55
"Lima, OH",390030009,Lima,40.770944,-84.0539,8/5/2023,16.1,59
"Lima, OH",390030009,Lima,40.770944,-84.0539,8/6/2023,7.1,30
"Lima, OH",390030009,Lima,40.770944,-84.0539,8/7/2023,2.7,11
"Lima, OH",390030009,Lima,40.770944,-84.0539,8/8/2023,6.6,28
"Lima, OH",390030009,Lima,40.770944,-84.0539,8/9/2023,9.1,38
"Lima, OH",390030009,Lima,40.770944,-84.0539,8/10/2023,10.8,45
"Lima, OH",390030009,Lima,40.770944,-84.0539,8/10/2023,9.3,39
"Lima, OH",390030009,Lima,40.770944,-84.0539,8/11/2023,9.7,40
"Lima, OH",390030009,Lima,40.770944,-84.0539,8/12/2023,5.6,23
"Lima, OH",390030009,Lima,40.770944,-84.0539,8/13/2023,2.3,10
"Lima, OH",390030009,Lima,40.770944,-84.0539,8/14/2023,3.4,14
"Lima, OH",390030009,Lima,40.770944,-84.0539,8/15/2023,3.2,13
"Lima, OH",390030009,Lima,40.770944,-84.0539,8/16/2023,10.7,45
"Lima, OH",390030009,Lima,40.770944,-84.0539,8/16/2023,8.8,37
"Lima, OH",390030009,Lima,40.770944,-84.0539,8/17/2023,10.9,45
"Lima, OH",390030009,Lima,40.770944,-84.0539,8/18/2023,12.4,52
"Lima, OH",390030009,Lima,40.770944,-84.0539,8/19/2023,14.1,55
"Lima, OH",390030009,Lima,40.770944,-84.0539,8/20/2023,12.7,52
"Lima, OH",390030009,Lima,40.770944,-84.0539,8/21/2023,10.9,45
"Lima, OH",390030009,Lima,40.770944,-84.0539,8/22/2023,8.5,35
"Lima, OH",390030009,Lima,40.770944,-84.0539,8/22/2023,6.6,28
"Lima, OH",390030009,Lima,40.770944,-84.0539,8/23/2023,12,50
"Lima, OH",390030009,Lima,40.770944,-84.0539,8/24/2023,7.5,31
"Lima, OH",390030009,Lima,40.770944,-84.0539,8/25/2023,7.6,32
"Lima, OH",390030009,Lima,40.770944,-84.0539,8/26/2023,6.4,27
"Lima, OH",390030009,Lima,40.770944,-84.0539,8/27/2023,6.5,27
"Lima, OH",390030009,Lima,40.770944,-84.0539,8/28/2023,3.9,16
"Lima, OH",390030009,Lima,40.770944,-84.0539,8/29/2023,5.6,23
"Lima, OH",390030009,Lima,40.770944,-84.0539,8/30/2023,3,13
"Lima, OH",390030009,Lima,40.770944,-84.0539,8/31/2023,2.5,10
"New York-Newark-Jersey City, NY-NJ-PA",360810125,Queens College Near Road,40.739264,-73.817694,1/1/2023,10.4,43
"New York-Newark-Jersey City, NY-NJ-PA",360810125,Queens College Near Road,40.739264,-73.817694,1/2/2023,13.3,54
"New York-Newark-Jersey City, NY-NJ-PA",360810125,Queens College Near Road,40.739264,-73.817694,1/3/2023,19.5,67
"New York-Newark-Jersey City, NY-NJ-PA",360810125,Queens College Near Road,40.739264,-73.817694,1/4/2023,16.4,60
"New York-Newark-Jersey City, NY-NJ-PA",360810125,Queens College Near Road,40.739264,-73.817694,1/5/2023,8.5,35
"New York-Newark-Jersey City, NY-NJ-PA",360810125,Queens College Near Road,40.739264,-73.817694,1/6/2023,8.8,37
"New York-Newark-Jersey City, NY-NJ-PA",360810125,Queens College Near Road,40.739264,-73.817694,1/7/2023,8.3,35
"New York-Newark-Jersey City, NY-NJ-PA",360810125,Queens College Near Road,40.739264,-73.817694,1/8/2023,7.4,31
"New York-Newark-Jersey City, NY-NJ-PA",360810125,Queens College Near Road,40.739264,-73.817694,1/9/2023,10.1,42
"New York-Newark-Jersey City, NY-NJ-PA",360810125,Queens College Near Road,40.739264,-73.817694,1/10/2023,11.3,47
"New York-Newark-Jersey City, NY-NJ-PA",360810125,Queens College Near Road,40.739264,-73.817694,1/11/2023,10.5,44
"New York-Newark-Jersey City, NY-NJ-PA",360810125,Queens College Near Road,40.739264,-73.817694,1/12/2023,9.6,40
"New York-Newark-Jersey City, NY-NJ-PA",360810125,Queens College Near Road,40.739264,-73.817694,1/13/2023,10.1,42
"New York-Newark-Jersey City, NY-NJ-PA",360810125,Queens College Near Road,40.739264,-73.817694,1/14/2023,7.8,33
"New York-Newark-Jersey City, NY-NJ-PA",360810125,Queens College Near Road,40.739264,-73.817694,1/15/2023,7.3,30
"New York-Newark-Jersey City, NY-NJ-PA",360810125,Queens College Near Road,40.739264,-73.817694,1/16/2023,7.4,31
"New York-Newark-Jersey City, NY-NJ-PA",360810125,Queens College Near Road,40.739264,-73.817694,1/17/2023,10.5,44
"New York-Newark-Jersey City, NY-NJ-PA",360810125,Queens College Near Road,40.739264,-73.817694,1/18/2023,7,29
"New York-Newark-Jersey City, NY-NJ-PA",360810125,Queens College Near Road,40.739264,-73.817694,1/19/2023,7,29
"New York-Newark-Jersey City, NY-NJ-PA",360810125,Queens College Near Road,40.739264,-73.817694,1/20/2023,8.6,36
"New York-Newark-Jersey City, NY-NJ-PA",360810125,Queens College Near Road,40.739264,-73.817694,1/21/2023,4.3,18
"New York-Newark-Jersey City, NY-NJ-PA",360810125,Queens College Near Road,40.739264,-73.817694,1/22/2023,6.6,28
"New York-Newark-Jersey City, NY-NJ-PA",360810125,Queens College Near Road,40.739264,-73.817694,1/23/2023,8.2,34
"New York-Newark-Jersey City, NY-NJ-PA",360810125,Queens College Near Road,40.739264,-73.817694,1/24/2023,5,21
"New York-Newark-Jersey City, NY-NJ-PA",360810125,Queens College Near Road,40.739264,-73.817694,1/25/2023,7.2,30
"New York-Newark-Jersey City, NY-NJ-PA",360810125,Queens College Near Road,40.739264,-73.817694,1/26/2023,8.2,34
"New York-Newark-Jersey City, NY-NJ-PA",360810125,Queens College Near Road,40.739264,-73.817694,1/27/2023,9,38
"New York-Newark-Jersey City, NY-NJ-PA",360810125,Queens College Near Road,40.739264,-73.817694,1/28/2023,8.9,37
"New York-Newark-Jersey City, NY-NJ-PA",360810125,Queens College Near Road,40.739264,-73.817694,1/29/2023,11,46
"New York-Newark-Jersey City, NY-NJ-PA",360810125,Queens College Near Road,40.739264,-73.817694,1/30/2023,12.2,51
"New York-Newark-Jersey City, NY-NJ-PA",360810125,Queens College Near Road,40.739264,-73.817694,1/31/2023,8.3,35
"New York-Newark-Jersey City, NY-NJ-PA",360810125,Queens College Near Road,40.739264,-73.817694,2/1/2023,8.4,35
"New York-Newark-Jersey City, NY-NJ-PA",360810125,Queens College Near Road,40.739264,-73.817694,2/2/2023,10.9,45
"New York-Newark-Jersey City, NY-NJ-PA",360810125,Queens College Near Road,40.739264,-73.817694,2/3/2023,10,42
"New York-Newark-Jersey City, NY-NJ-PA",360810125,Queens College Near Road,40.739264,-73.817694,2/4/2023,6.6,28
"New York-Newark-Jersey City, NY-NJ-PA",360810125,Queens College Near Road,40.739264,-73.817694,2/5/2023,8.2,34
"New York-Newark-Jersey City, NY-NJ-PA",360810125,Queens College Near Road,40.739264,-73.817694,2/6/2023,14.1,55
"New York-Newark-Jersey City, NY-NJ-PA",360810125,Queens College Near Road,40.739264,-73.817694,2/7/2023,9.7,40
"New York-Newark-Jersey City, NY-NJ-PA",360810125,Queens College Near Road,40.739264,-73.817694,2/8/2023,12.7,52
"New York-Newark-Jersey City, NY-NJ-PA",360810125,Queens College Near Road,40.739264,-73.817694,2/9/2023,14.1,55
"New York-Newark-Jersey City, NY-NJ-PA",360810125,Queens College Near Road,40.739264,-73.817694,2/10/2023,9,38
"New York-Newark-Jersey City, NY-NJ-PA",360810125,Queens College Near Road,40.739264,-73.817694,2/11/2023,7.2,30
"New York-Newark-Jersey City, NY-NJ-PA",360810125,Queens College Near Road,40.739264,-73.817694,2/12/2023,7.6,32
"New York-Newark-Jersey City, NY-NJ-PA",360810125,Queens College Near Road,40.739264,-73.817694,2/13/2023,7.6,32
"New York-Newark-Jersey City, NY-NJ-PA",360810125,Queens College Near Road,40.739264,-73.817694,2/14/2023,5.1,21
"New York-Newark-Jersey City, NY-NJ-PA",360810125,Queens College Near Road,40.739264,-73.817694,2/15/2023,9.1,38
"New York-Newark-Jersey City, NY-NJ-PA",360810125,Queens College Near Road,40.739264,-73.817694,2/16/2023,14.9,57
"New York-Newark-Jersey City, NY-NJ-PA",360810125,Queens College Near Road,40.739264,-73.817694,2/17/2023,7.5,31
"New York-Newark-Jersey City, NY-NJ-PA",360810125,Queens College Near Road,40.739264,-73.817694,2/18/2023,6.6,28
"New York-Newark-Jersey City, NY-NJ-PA",360810125,Queens College Near Road,40.739264,-73.817694,2/19/2023,7.1,30
"New York-Newark-Jersey City, NY-NJ-PA",360810125,Queens College Near Road,40.739264,-73.817694,2/20/2023,8.9,37
"New York-Newark-Jersey City, NY-NJ-PA",360810125,Queens College Near Road,40.739264,-73.817694,2/21/2023,9.9,41
"New York-Newark-Jersey City, NY-NJ-PA",360810125,Queens College Near Road,40.739264,-73.817694,2/22/2023,8.9,37
"New York-Newark-Jersey City, NY-NJ-PA",360810125,Queens College Near Road,40.739264,-73.817694,2/23/2023,5.6,23
"New York-Newark-Jersey City, NY-NJ-PA",360810125,Queens College Near Road,40.739264,-73.817694,2/24/2023,7.6,32
"New York-Newark-Jersey City, NY-NJ-PA",360810125,Queens College Near Road,40.739264,-73.817694,2/25/2023,4.3,18
"New York-Newark-Jersey City, NY-NJ-PA",360810125,Queens College Near Road,40.739264,-73.817694,2/26/2023,11.2,47
"New York-Newark-Jersey City, NY-NJ-PA",360810125,Queens College Near Road,40.739264,-73.817694,2/27/2023,5.2,22
"New York-Newark-Jersey City, NY-NJ-PA",360810125,Queens College Near Road,40.739264,-73.817694,2/28/2023,7.2,30
"New York-Newark-Jersey City, NY-NJ-PA",360810125,Queens College Near Road,40.739264,-73.817694,3/1/2023,6.9,29
"New York-Newark-Jersey City, NY-NJ-PA",360810125,Queens College Near Road,40.739264,-73.817694,3/2/2023,9.4,39
"New York-Newark-Jersey City, NY-NJ-PA",360810125,Queens College Near Road,40.739264,-73.817694,3/3/2023,5.5,23
"New York-Newark-Jersey City, NY-NJ-PA",360810125,Queens College Near Road,40.739264,-73.817694,3/4/2023,6.2,26
"New York-Newark-Jersey City, NY-NJ-PA",360810125,Queens College Near Road,40.739264,-73.817694,3/5/2023,5.5,23
"New York-Newark-Jersey City, NY-NJ-PA",360810125,Queens College Near Road,40.739264,-73.817694,3/6/2023,4.3,18
"New York-Newark-Jersey City, NY-NJ-PA",360810125,Queens College Near Road,40.739264,-73.817694,3/7/2023,5.8,24
"New York-Newark-Jersey City, NY-NJ-PA",360810125,Queens College Near Road,40.739264,-73.817694,3/8/2023,4.9,20
"New York-Newark-Jersey City, NY-NJ-PA",360810125,Queens College Near Road,40.739264,-73.817694,3/9/2023,5.1,21
"New York-Newark-Jersey City, NY-NJ-PA",360810125,Queens College Near Road,40.739264,-73.817694,3/10/2023,5.4,23
"New York-Newark-Jersey City, NY-NJ-PA",360810125,Queens College Near Road,40.739264,-73.817694,3/11/2023,6.5,27
"New York-Newark-Jersey City, NY-NJ-PA",360810125,Queens College Near Road,40.739264,-73.817694,3/12/2023,5.5,23
"New York-Newark-Jersey City, NY-NJ-PA",360810125,Queens College Near Road,40.739264,-73.817694,3/13/2023,5.9,25
"New York-Newark-Jersey City, NY-NJ-PA",360810125,Queens College Near Road,40.739264,-73.817694,3/14/2023,3.3,14
"New York-Newark-Jersey City, NY-NJ-PA",360810125,Queens College Near Road,40.739264,-73.817694,3/15/2023,4.3,18
"New York-Newark-Jersey City, NY-NJ-PA",360810125,Queens College Near Road,40.739264,-73.817694,3/16/2023,6.6,28
"New York-Newark-Jersey City, NY-NJ-PA",360810125,Queens College Near Road,40.739264,-73.817694,3/17/2023,14.9,57
"New York-Newark-Jersey City, NY-NJ-PA",360810125,Queens College Near Road,40.739264,-73.817694,3/18/2023,7.9,33
"New York-Newark-Jersey City, NY-NJ-PA",360810125,Queens College Near Road,40.739264,-73.817694,3/19/2023,3,13
"New York-Newark-Jersey City, NY-NJ-PA",360810125,Queens College Near Road,40.739264,-73.817694,3/20/2023,7.5,31
"New York-Newark-Jersey City, NY-NJ-PA",360810125,Queens College Near Road,40.739264,-73.817694,3/21/2023,8.2,34
"New York-Newark-Jersey City, NY-NJ-PA",360810125,Queens College Near Road,40.739264,-73.817694,3/22/2023,4.9,20
"New York-Newark-Jersey City, NY-NJ-PA",360810125,Queens College Near Road,40.739264,-73.817694,3/23/2023,10.9,45
"New York-Newark-Jersey City, NY-NJ-PA",360810125,Queens College Near Road,40.739264,-73.817694,3/24/2023,7.6,32
"New York-Newark-Jersey City, NY-NJ-PA",360810125,Queens College Near Road,40.739264,-73.817694,3/25/2023,4.2,18
"New York-Newark-Jersey City, NY-NJ-PA",360810125,Queens College Near Road,40.739264,-73.817694,3/26/2023,5.3,22
"New York-Newark-Jersey City, NY-NJ-PA",360810125,Queens College Near Road,40.739264,-73.817694,3/27/2023,5.6,23
"New York-Newark-Jersey City, NY-NJ-PA",360810125,Queens College Near Road,40.739264,-73.817694,3/28/2023,5.2,22
"New York-Newark-Jersey City, NY-NJ-PA",360810125,Queens College Near Road,40.739264,-73.817694,3/29/2023,4.5,19
"New York-Newark-Jersey City, NY-NJ-PA",360810125,Queens College Near Road,40.739264,-73.817694,3/30/2023,4.5,19
"New York-Newark-Jersey City, NY-NJ-PA",360810125,Queens College Near Road,40.739264,-73.817694,3/31/2023,8.7,36
"New York-Newark-Jersey City, NY-NJ-PA",360810125,Queens College Near Road,40.739264,-73.817694,4/1/2023,6.8,28
"New York-Newark-Jersey City, NY-NJ-PA",360810125,Queens College Near Road,40.739264,-73.817694,4/2/2023,4.6,19
"New York-Newark-Jersey City, NY-NJ-PA",360810125,Queens College Near Road,40.739264,-73.817694,4/3/2023,5.3,22
"New York-Newark-Jersey City, NY-NJ-PA",360810125,Queens College Near Road,40.739264,-73.817694,4/4/2023,9.5,40
"New York-Newark-Jersey City, NY-NJ-PA",360810125,Queens College Near Road,40.739264,-73.817694,4/5/2023,5.5,23
"New York-Newark-Jersey City, NY-NJ-PA",360810125,Queens College Near Road,40.739264,-73.817694,4/6/2023,8,33
"New York-Newark-Jersey City, NY-NJ-PA",360810125,Queens College Near Road,40.739264,-73.817694,4/7/2023,3.6,15
"New York-Newark-Jersey City, NY-NJ-PA",360810125,Queens College Near Road,40.739264,-73.817694,4/8/2023,3.9,16
"New York-Newark-Jersey City, NY-NJ-PA",360810125,Queens College Near Road,40.739264,-73.817694,4/9/2023,5.4,23
"New York-Newark-Jersey City, NY-NJ-PA",360810125,Queens College Near Road,40.739264,-73.817694,4/10/2023,6,25
"New York-Newark-Jersey City, NY-NJ-PA",360810125,Queens College Near Road,40.739264,-73.817694,4/11/2023,6.9,29
"New York-Newark-Jersey City, NY-NJ-PA",360810125,Queens College Near Road,40.739264,-73.817694,4/12/2023,10.5,44
"New York-Newark-Jersey City, NY-NJ-PA",360810125,Queens College Near Road,40.739264,-73.817694,4/13/2023,14.1,55
"New York-Newark-Jersey City, NY-NJ-PA",360810125,Queens College Near Road,40.739264,-73.817694,4/14/2023,16.1,59
"New York-Newark-Jersey City, NY-NJ-PA",360810125,Queens College Near Road,40.739264,-73.817694,4/15/2023,4.4,18
"New York-Newark-Jersey City, NY-NJ-PA",360810125,Queens College Near Road,40.739264,-73.817694,4/16/2023,4.1,17
"New York-Newark-Jersey City, NY-NJ-PA",360810125,Queens College Near Road,40.739264,-73.817694,4/17/2023,4.8,20
"New York-Newark-Jersey City, NY-NJ-PA",360810125,Queens College Near Road,40.739264,-73.817694,4/18/2023,3.5,15
"New York-Newark-Jersey City, NY-NJ-PA",360810125,Queens College Near Road,40.739264,-73.817694,4/19/2023,5.5,23
"New York-Newark-Jersey City, NY-NJ-PA",360810125,Queens College Near Road,40.739264,-73.817694,4/20/2023,4.6,19
"New York-Newark-Jersey City, NY-NJ-PA",360810125,Queens College Near Road,40.739264,-73.817694,4/21/2023,6.9,29
"New York-Newark-Jersey City, NY-NJ-PA",360810125,Queens College Near Road,40.739264,-73.817694,4/22/2023,10.7,45
"New York-Newark-Jersey City, NY-NJ-PA",360810125,Queens College Near Road,40.739264,-73.817694,4/23/2023,3.4,14
"New York-Newark-Jersey City, NY-NJ-PA",360810125,Queens College Near Road,40.739264,-73.817694,4/24/2023,4.5,19
"New York-Newark-Jersey City, NY-NJ-PA",360810125,Queens College Near Road,40.739264,-73.817694,4/25/2023,5.7,24
"New York-Newark-Jersey City, NY-NJ-PA",360810125,Queens College Near Road,40.739264,-73.817694,4/26/2023,6.5,27
"New York-Newark-Jersey City, NY-NJ-PA",360810125,Queens College Near Road,40.739264,-73.817694,4/27/2023,6.1,25
"New York-Newark-Jersey City, NY-NJ-PA",360810125,Queens College Near Road,40.739264,-73.817694,4/28/2023,6.2,26
"New York-Newark-Jersey City, NY-NJ-PA",360810125,Queens College Near Road,40.739264,-73.817694,4/29/2023,2.4,10
"New York-Newark-Jersey City, NY-NJ-PA",360810125,Queens College Near Road,40.739264,-73.817694,4/30/2023,-0.3,0
"New York-Newark-Jersey City, NY-NJ-PA",360810125,Queens College Near Road,40.739264,-73.817694,5/1/2023,3,13
"New York-Newark-Jersey City, NY-NJ-PA",360810125,Queens College Near Road,40.739264,-73.817694,5/2/2023,2,8
"New York-Newark-Jersey City, NY-NJ-PA",360810125,Queens College Near Road,40.739264,-73.817694,5/3/2023,2.7,11
"New York-Newark-Jersey City, NY-NJ-PA",360810125,Queens College Near Road,40.739264,-73.817694,5/4/2023,4.3,18
"New York-Newark-Jersey City, NY-NJ-PA",360810125,Queens College Near Road,40.739264,-73.817694,5/5/2023,3.3,14
"New York-Newark-Jersey City, NY-NJ-PA",360810125,Queens College Near Road,40.739264,-73.817694,5/6/2023,4,17
"New York-Newark-Jersey City, NY-NJ-PA",360810125,Queens College Near Road,40.739264,-73.817694,5/7/2023,4.6,19
"New York-Newark-Jersey City, NY-NJ-PA",360810125,Queens College Near Road,40.739264,-73.817694,5/8/2023,4.9,20
"New York-Newark-Jersey City, NY-NJ-PA",360810125,Queens College Near Road,40.739264,-73.817694,5/9/2023,5.7,24
"New York-Newark-Jersey City, NY-NJ-PA",360810125,Queens College Near Road,40.739264,-73.817694,5/10/2023,7.7,32
"New York-Newark-Jersey City, NY-NJ-PA",360810125,Queens College Near Road,40.739264,-73.817694,5/11/2023,12.9,53
"New York-Newark-Jersey City, NY-NJ-PA",360810125,Queens College Near Road,40.739264,-73.817694,5/12/2023,17.5,62
"New York-Newark-Jersey City, NY-NJ-PA",360810125,Queens College Near Road,40.739264,-73.817694,5/13/2023,12,50
"New York-Newark-Jersey City, NY-NJ-PA",360810125,Queens College Near Road,40.739264,-73.817694,5/14/2023,6.5,27
"New York-Newark-Jersey City, NY-NJ-PA",360810125,Queens College Near Road,40.739264,-73.817694,5/15/2023,6,25
"New York-Newark-Jersey City, NY-NJ-PA",360810125,Queens College Near Road,40.739264,-73.817694,5/16/2023,8.1,34
"New York-Newark-Jersey City, NY-NJ-PA",360810125,Queens College Near Road,40.739264,-73.817694,5/17/2023,8.1,34
"New York-Newark-Jersey City, NY-NJ-PA",360810125,Queens College Near Road,40.739264,-73.817694,5/18/2023,5.4,23
"New York-Newark-Jersey City, NY-NJ-PA",360810125,Queens College Near Road,40.739264,-73.817694,5/19/2023,3.8,16
"New York-Newark-Jersey City, NY-NJ-PA",360810125,Queens College Near Road,40.739264,-73.817694,5/20/2023,2.4,10
"New York-Newark-Jersey City, NY-NJ-PA",360810125,Queens College Near Road,40.739264,-73.817694,5/21/2023,11.3,47
"New York-Newark-Jersey City, NY-NJ-PA",360810125,Queens College Near Road,40.739264,-73.817694,5/22/2023,15.3,58
"New York-Newark-Jersey City, NY-NJ-PA",360810125,Queens College Near Road,40.739264,-73.817694,5/23/2023,7.1,30
"New York-Newark-Jersey City, NY-NJ-PA",360810125,Queens College Near Road,40.739264,-73.817694,5/24/2023,6.4,27
"New York-Newark-Jersey City, NY-NJ-PA",360810125,Queens College Near Road,40.739264,-73.817694,5/25/2023,4,17
"New York-Newark-Jersey City, NY-NJ-PA",360810125,Queens College Near Road,40.739264,-73.817694,5/26/2023,5.3,22
"New York-Newark-Jersey City, NY-NJ-PA",360810125,Queens College Near Road,40.739264,-73.817694,5/27/2023,6.8,28
"New York-Newark-Jersey City, NY-NJ-PA",360810125,Queens College Near Road,40.739264,-73.817694,5/28/2023,4.2,18
"New York-Newark-Jersey City, NY-NJ-PA",360810125,Queens College Near Road,40.739264,-73.817694,5/29/2023,10.7,45
"New York-Newark-Jersey City, NY-NJ-PA",360810125,Queens College Near Road,40.739264,-73.817694,5/30/2023,7.8,33
"New York-Newark-Jersey City, NY-NJ-PA",360810125,Queens College Near Road,40.739264,-73.817694,5/31/2023,11.5,48
"New York-Newark-Jersey City, NY-NJ-PA",360810125,Queens College Near Road,40.739264,-73.817694,6/1/2023,12.8,52
"New York-Newark-Jersey City, NY-NJ-PA",360810125,Queens College Near Road,40.739264,-73.817694,6/2/2023,12.5,52
"New York-Newark-Jersey City, NY-NJ-PA",360810125,Queens College Near Road,40.739264,-73.817694,6/3/2023,9.3,39
"New York-Newark-Jersey City, NY-NJ-PA",360810125,Queens College Near Road,40.739264,-73.817694,6/4/2023,1.4,6
"New York-Newark-Jersey City, NY-NJ-PA",360810125,Queens College Near Road,40.739264,-73.817694,6/5/2023,7.9,33
"New York-Newark-Jersey City, NY-NJ-PA",360810125,Queens College Near Road,40.739264,-73.817694,6/6/2023,74.6,161
"New York-Newark-Jersey City, NY-NJ-PA",360810125,Queens College Near Road,40.739264,-73.817694,6/7/2023,132.7,191
"New York-Newark-Jersey City, NY-NJ-PA",360810125,Queens College Near Road,40.739264,-73.817694,6/8/2023,61,154
"New York-Newark-Jersey City, NY-NJ-PA",360810125,Queens College Near Road,40.739264,-73.817694,6/9/2023,12.7,52
"New York-Newark-Jersey City, NY-NJ-PA",360810125,Queens College Near Road,40.739264,-73.817694,6/10/2023,14.1,55
"New York-Newark-Jersey City, NY-NJ-PA",360810125,Queens College Near Road,40.739264,-73.817694,6/11/2023,25.1,78
"New York-Newark-Jersey City, NY-NJ-PA",360810125,Queens College Near Road,40.739264,-73.817694,6/12/2023,19.4,66
"New York-Newark-Jersey City, NY-NJ-PA",360810125,Queens College Near Road,40.739264,-73.817694,6/13/2023,4.7,20
"New York-Newark-Jersey City, NY-NJ-PA",360810125,Queens College Near Road,40.739264,-73.817694,6/14/2023,7.5,31
"New York-Newark-Jersey City, NY-NJ-PA",360810125,Queens College Near Road,40.739264,-73.817694,6/15/2023,7.1,30
"New York-Newark-Jersey City, NY-NJ-PA",360810125,Queens College Near Road,40.739264,-73.817694,6/16/2023,8.9,37
"New York-Newark-Jersey City, NY-NJ-PA",360810125,Queens College Near Road,40.739264,-73.817694,6/17/2023,19.5,67
"New York-Newark-Jersey City, NY-NJ-PA",360810125,Queens College Near Road,40.739264,-73.817694,6/18/2023,13.8,55
"New York-Newark-Jersey City, NY-NJ-PA",360810125,Queens College Near Road,40.739264,-73.817694,6/19/2023,6.7,28
"New York-Newark-Jersey City, NY-NJ-PA",360810125,Queens College Near Road,40.739264,-73.817694,6/20/2023,4.1,17
"New York-Newark-Jersey City, NY-NJ-PA",360810125,Queens College Near Road,40.739264,-73.817694,6/21/2023,1.2,5
"New York-Newark-Jersey City, NY-NJ-PA",360810125,Queens College Near Road,40.739264,-73.817694,6/22/2023,2.4,10
"New York-Newark-Jersey City, NY-NJ-PA",360810125,Queens College Near Road,40.739264,-73.817694,6/23/2023,3.3,14
"New York-Newark-Jersey City, NY-NJ-PA",360810125,Queens College Near Road,40.739264,-73.817694,6/24/2023,4.5,19
"New York-Newark-Jersey City, NY-NJ-PA",360810125,Queens College Near Road,40.739264,-73.817694,6/25/2023,8.3,35
"New York-Newark-Jersey City, NY-NJ-PA",360810125,Queens College Near Road,40.739264,-73.817694,6/26/2023,8.8,37
"New York-Newark-Jersey City, NY-NJ-PA",360810125,Queens College Near Road,40.739264,-73.817694,6/27/2023,7,29
"New York-Newark-Jersey City, NY-NJ-PA",360810125,Queens College Near Road,40.739264,-73.817694,6/28/2023,11.1,46
"New York-Newark-Jersey City, NY-NJ-PA",360810125,Queens College Near Road,40.739264,-73.817694,6/29/2023,32.4,94
"New York-Newark-Jersey City, NY-NJ-PA",360810125,Queens College Near Road,40.739264,-73.817694,6/30/2023,54.2,147
"New York-Newark-Jersey City, NY-NJ-PA",360810125,Queens College Near Road,40.739264,-73.817694,7/1/2023,28.6,86
"New York-Newark-Jersey City, NY-NJ-PA",360810125,Queens College Near Road,40.739264,-73.817694,7/2/2023,19.8,67
"New York-Newark-Jersey City, NY-NJ-PA",360810125,Queens College Near Road,40.739264,-73.817694,7/3/2023,6.5,27
"New York-Newark-Jersey City, NY-NJ-PA",360810125,Queens College Near Road,40.739264,-73.817694,7/4/2023,36.6,104
"New York-Newark-Jersey City, NY-NJ-PA",360810125,Queens College Near Road,40.739264,-73.817694,7/5/2023,17.5,62
"New York-Newark-Jersey City, NY-NJ-PA",360810125,Queens College Near Road,40.739264,-73.817694,7/6/2023,7.8,33
"New York-Newark-Jersey City, NY-NJ-PA",360810125,Queens College Near Road,40.739264,-73.817694,7/7/2023,6.2,26
"New York-Newark-Jersey City, NY-NJ-PA",360810125,Queens College Near Road,40.739264,-73.817694,7/8/2023,6.9,29
"New York-Newark-Jersey City, NY-NJ-PA",360810125,Queens College Near Road,40.739264,-73.817694,7/9/2023,2.8,12
"New York-Newark-Jersey City, NY-NJ-PA",360810125,Queens College Near Road,40.739264,-73.817694,7/10/2023,1.1,5
"New York-Newark-Jersey City, NY-NJ-PA",360810125,Queens College Near Road,40.739264,-73.817694,7/11/2023,11.2,47
"New York-Newark-Jersey City, NY-NJ-PA",360810125,Queens College Near Road,40.739264,-73.817694,7/12/2023,14.3,56
"New York-Newark-Jersey City, NY-NJ-PA",360810125,Queens College Near Road,40.739264,-73.817694,7/13/2023,13.3,54
"New York-Newark-Jersey City, NY-NJ-PA",360810125,Queens College Near Road,40.739264,-73.817694,7/14/2023,8.8,37
"New York-Newark-Jersey City, NY-NJ-PA",360810125,Queens College Near Road,40.739264,-73.817694,7/15/2023,10.8,45
"New York-Newark-Jersey City, NY-NJ-PA",360810125,Queens College Near Road,40.739264,-73.817694,7/16/2023,3.6,15
"New York-Newark-Jersey City, NY-NJ-PA",360810125,Queens College Near Road,40.739264,-73.817694,7/17/2023,20.2,68
"New York-Newark-Jersey City, NY-NJ-PA",360810125,Queens College Near Road,40.739264,-73.817694,7/18/2023,23.4,75
"New York-Newark-Jersey City, NY-NJ-PA",360810125,Queens College Near Road,40.739264,-73.817694,7/19/2023,32.3,93
"New York-Newark-Jersey City, NY-NJ-PA",360810125,Queens College Near Road,40.739264,-73.817694,7/20/2023,20.3,68
"New York-Newark-Jersey City, NY-NJ-PA",360810125,Queens College Near Road,40.739264,-73.817694,7/21/2023,9.2,38
"New York-Newark-Jersey City, NY-NJ-PA",360810125,Queens College Near Road,40.739264,-73.817694,7/22/2023,5.2,22
"New York-Newark-Jersey City, NY-NJ-PA",360810125,Queens College Near Road,40.739264,-73.817694,7/23/2023,9.9,41
"New York-Newark-Jersey City, NY-NJ-PA",360810125,Queens College Near Road,40.739264,-73.817694,7/24/2023,9.9,41
"New York-Newark-Jersey City, NY-NJ-PA",360810125,Queens College Near Road,40.739264,-73.817694,7/25/2023,10.4,43
"New York-Newark-Jersey City, NY-NJ-PA",360810125,Queens College Near Road,40.739264,-73.817694,7/26/2023,14.9,57
"New York-Newark-Jersey City, NY-NJ-PA",360810125,Queens College Near Road,40.739264,-73.817694,7/27/2023,13,53
"New York-Newark-Jersey City, NY-NJ-PA",360810125,Queens College Near Road,40.739264,-73.817694,7/28/2023,11.4,48
"New York-Newark-Jersey City, NY-NJ-PA",360810125,Queens College Near Road,40.739264,-73.817694,7/29/2023,4,17
"New York-Newark-Jersey City, NY-NJ-PA",360810125,Queens College Near Road,40.739264,-73.817694,7/30/2023,0.8,3
"New York-Newark-Jersey City, NY-NJ-PA",360810125,Queens College Near Road,40.739264,-73.817694,7/31/2023,6,25
"New York-Newark-Jersey City, NY-NJ-PA",360810125,Queens College Near Road,40.739264,-73.817694,8/1/2023,4,17
"New York-Newark-Jersey City, NY-NJ-PA",360810125,Queens College Near Road,40.739264,-73.817694,8/2/2023,3,13
"New York-Newark-Jersey City, NY-NJ-PA",360810125,Queens College Near Road,40.739264,-73.817694,8/3/2023,1.9,8
"New York-Newark-Jersey City, NY-NJ-PA",360810125,Queens College Near Road,40.739264,-73.817694,8/4/2023,11.5,48
"New York-Newark-Jersey City, NY-NJ-PA",360810125,Queens College Near Road,40.739264,-73.817694,8/5/2023,15.9,59
"New York-Newark-Jersey City, NY-NJ-PA",360810125,Queens College Near Road,40.739264,-73.817694,8/6/2023,16.5,60
"New York-Newark-Jersey City, NY-NJ-PA",360810125,Queens College Near Road,40.739264,-73.817694,8/7/2023,10.4,43
"New York-Newark-Jersey City, NY-NJ-PA",360810125,Queens College Near Road,40.739264,-73.817694,8/8/2023,1.8,8
"New York-Newark-Jersey City, NY-NJ-PA",360810125,Queens College Near Road,40.739264,-73.817694,8/9/2023,9.2,38
"New York-Newark-Jersey City, NY-NJ-PA",360810125,Queens College Near Road,40.739264,-73.817694,8/10/2023,12.5,52
"New York-Newark-Jersey City, NY-NJ-PA",360810125,Queens College Near Road,40.739264,-73.817694,8/11/2023,11.3,47
"New York-Newark-Jersey City, NY-NJ-PA",360810125,Queens College Near Road,40.739264,-73.817694,8/12/2023,10.3,43
"New York-Newark-Jersey City, NY-NJ-PA",360810125,Queens College Near Road,40.739264,-73.817694,8/13/2023,3.9,16
"New York-Newark-Jersey City, NY-NJ-PA",360810125,Queens College Near Road,40.739264,-73.817694,8/14/2023,6.6,28
"New York-Newark-Jersey City, NY-NJ-PA",360810125,Queens College Near Road,40.739264,-73.817694,8/15/2023,8.4,35
"New York-Newark-Jersey City, NY-NJ-PA",360810125,Queens College Near Road,40.739264,-73.817694,8/16/2023,5.8,24
"New York-Newark-Jersey City, NY-NJ-PA",360810125,Queens College Near Road,40.739264,-73.817694,8/17/2023,4.1,17
"New York-Newark-Jersey City, NY-NJ-PA",360810125,Queens College Near Road,40.739264,-73.817694,8/18/2023,3.8,16
"New York-Newark-Jersey City, NY-NJ-PA",360810125,Queens College Near Road,40.739264,-73.817694,8/19/2023,5.6,23
"New York-Newark-Jersey City, NY-NJ-PA",360810125,Queens College Near Road,40.739264,-73.817694,8/20/2023,11.2,47
"New York-Newark-Jersey City, NY-NJ-PA",360810125,Queens College Near Road,40.739264,-73.817694,8/21/2023,18.6,65
"New York-Newark-Jersey City, NY-NJ-PA",360810125,Queens College Near Road,40.739264,-73.817694,8/22/2023,7.1,30
"New York-Newark-Jersey City, NY-NJ-PA",360810125,Queens College Near Road,40.739264,-73.817694,8/23/2023,3.8,16
"New York-Newark-Jersey City, NY-NJ-PA",360810125,Queens College Near Road,40.739264,-73.817694,8/24/2023,2.8,12
"New York-Newark-Jersey City, NY-NJ-PA",360810125,Queens College Near Road,40.739264,-73.817694,8/25/2023,4.4,18
"New York-Newark-Jersey City, NY-NJ-PA",360810125,Queens College Near Road,40.739264,-73.817694,8/26/2023,8.9,37
"New York-Newark-Jersey City, NY-NJ-PA",360810125,Queens College Near Road,40.739264,-73.817694,8/27/2023,6.3,26
"New York-Newark-Jersey City, NY-NJ-PA",360810125,Queens College Near Road,40.739264,-73.817694,8/28/2023,8.6,36
"New York-Newark-Jersey City, NY-NJ-PA",360810125,Queens College Near Road,40.739264,-73.817694,8/29/2023,5.7,24
"New York-Newark-Jersey City, NY-NJ-PA",360810125,Queens College Near Road,40.739264,-73.817694,8/30/2023,4.3,18
"New York-Newark-Jersey City, NY-NJ-PA",360810125,Queens College Near Road,40.739264,-73.817694,8/31/2023,4,17
Ottawa Downtown,51001,Rideau St./wurtemburg St.,45.434333,-75.676,1/1/2023,3.7,15
Ottawa Downtown,51001,Rideau St./wurtemburg St.,45.434333,-75.676,1/2/2023,6.6,27
Ottawa Downtown,51001,Rideau St./wurtemburg St.,45.434333,-75.676,1/3/2023,6.7,28
Ottawa Downtown,51001,Rideau St./wurtemburg St.,45.434333,-75.676,1/4/2023,4.5,19
Ottawa Downtown,51001,Rideau St./wurtemburg St.,45.434333,-75.676,1/5/2023,5.1,21
Ottawa Downtown,51001,Rideau St./wurtemburg St.,45.434333,-75.676,1/6/2023,18.0,63
Ottawa Downtown,51001,Rideau St./wurtemburg St.,45.434333,-75.676,1/7/2023,4.6,19
Ottawa Downtown,51001,Rideau St./wurtemburg St.,45.434333,-75.676,1/8/2023,2.5,10
Ottawa Downtown,51001,Rideau St./wurtemburg St.,45.434333,-75.676,1/9/2023,5.4,23
Ottawa Downtown,51001,Rideau St./wurtemburg St.,45.434333,-75.676,1/10/2023,3.8,16
Ottawa Downtown,51001,Rideau St./wurtemburg St.,45.434333,-75.676,1/11/2023,5.1,21
Ottawa Downtown,51001,Rideau St./wurtemburg St.,45.434333,-75.676,1/12/2023,12.4,52
Ottawa Downtown,51001,Rideau St./wurtemburg St.,45.434333,-75.676,1/13/2023,4.6,19
Ottawa Downtown,51001,Rideau St./wurtemburg St.,45.434333,-75.676,1/14/2023,3.5,15
Ottawa Downtown,51001,Rideau St./wurtemburg St.,45.434333,-75.676,1/15/2023,5.5,23
Ottawa Downtown,51001,Rideau St./wurtemburg St.,45.434333,-75.676,1/16/2023,6.6,27
Ottawa Downtown,51001,Rideau St./wurtemburg St.,45.434333,-75.676,1/17/2023,9.7,40
Ottawa Downtown,51001,Rideau St./wurtemburg St.,45.434333,-75.676,1/18/2023,10.2,43
Ottawa Downtown,51001,Rideau St./wurtemburg St.,45.434333,-75.676,1/19/2023,4.0,17
Ottawa Downtown,51001,Rideau St./wurtemburg St.,45.434333,-75.676,1/20/2023,4.7,20
Ottawa Downtown,51001,Rideau St./wurtemburg St.,45.434333,-75.676,1/21/2023,4.8,20
Ottawa Downtown,51001,Rideau St./wurtemburg St.,45.434333,-75.676,1/22/2023,8.8,37
Ottawa Downtown,51001,Rideau St./wurtemburg St.,45.434333,-75.676,1/23/2023,5.7,24
Ottawa Downtown,51001,Rideau St./wurtemburg St.,45.434333,-75.676,1/24/2023,5.3,22
Ottawa Downtown,51001,Rideau St./wurtemburg St.,45.434333,-75.676,1/25/2023,4.8,20
Ottawa Downtown,51001,Rideau St./wurtemburg St.,45.434333,-75.676,1/26/2023,3.3,14
Ottawa Downtown,51001,Rideau St./wurtemburg St.,45.434333,-75.676,1/27/2023,6.3,26
Ottawa Downtown,51001,Rideau St./wurtemburg St.,45.434333,-75.676,1/28/2023,4.8,20
Ottawa Downtown,51001,Rideau St./wurtemburg St.,45.434333,-75.676,1/29/2023,3.9,16
Ottawa Downtown,51001,Rideau St./wurtemburg St.,45.434333,-75.676,1/30/2023,4.3,18
Ottawa Downtown,51001,Rideau St./wurtemburg St.,45.434333,-75.676,1/31/2023,5.4,23
Ottawa Downtown,51001,Rideau St./wurtemburg St.,45.434333,-75.676,2/1/2023,16.6,60
Ottawa Downtown,51001,Rideau St./wurtemburg St.,45.434333,-75.676,2/2/2023,14.1,55
Ottawa Downtown,51001,Rideau St./wurtemburg St.,45.434333,-75.676,2/3/2023,3.3,14
Ottawa Downtown,51001,Rideau St./wurtemburg St.,45.434333,-75.676,2/4/2023,5.1,21
Ottawa Downtown,51001,Rideau St./wurtemburg St.,45.434333,-75.676,2/5/2023,11.9,50
Ottawa Downtown,51001,Rideau St./wurtemburg St.,45.434333,-75.676,2/6/2023,8.9,37
Ottawa Downtown,51001,Rideau St./wurtemburg St.,45.434333,-75.676,2/7/2023,17.1,62
Ottawa Downtown,51001,Rideau St./wurtemburg St.,45.434333,-75.676,2/8/2023,8.5,35
Ottawa Downtown,51001,Rideau St./wurtemburg St.,45.434333,-75.676,2/9/2023,13.8,55
Ottawa Downtown,51001,Rideau St./wurtemburg St.,45.434333,-75.676,2/10/2023,3.9,16
Ottawa Downtown,51001,Rideau St./wurtemburg St.,45.434333,-75.676,2/11/2023,3.0,13
Ottawa Downtown,51001,Rideau St./wurtemburg St.,45.434333,-75.676,2/12/2023,6.6,27
Ottawa Downtown,51001,Rideau St./wurtemburg St.,45.434333,-75.676,2/13/2023,15.3,58
Ottawa Downtown,51001,Rideau St./wurtemburg St.,45.434333,-75.676,2/14/2023,7.1,30
Ottawa Downtown,51001,Rideau St./wurtemburg St.,45.434333,-75.676,2/15/2023,9.5,40
Ottawa Downtown,51001,Rideau St./wurtemburg St.,45.434333,-75.676,2/16/2023,2.6,11
Ottawa Downtown,51001,Rideau St./wurtemburg St.,45.434333,-75.676,2/17/2023,2.7,11
Ottawa Downtown,51001,Rideau St./wurtemburg St.,45.434333,-75.676,2/18/2023,7.2,30
Ottawa Downtown,51001,Rideau St./wurtemburg St.,45.434333,-75.676,2/19/2023,11.6,48
Ottawa Downtown,51001,Rideau St./wurtemburg St.,45.434333,-75.676,2/20/2023,5.0,21
Ottawa Downtown,51001,Rideau St./wurtemburg St.,45.434333,-75.676,2/21/2023,6.0,25
Ottawa Downtown,51001,Rideau St./wurtemburg St.,45.434333,-75.676,2/22/2023,3.9,16
Ottawa Downtown,51001,Rideau St./wurtemburg St.,45.434333,-75.676,2/23/2023,3.9,16
Ottawa Downtown,51001,Rideau St./wurtemburg St.,45.434333,-75.676,2/24/2023,4.1,17
Ottawa Downtown,51001,Rideau St./wurtemburg St.,45.434333,-75.676,2/25/2023,9.0,38
Ottawa Downtown,51001,Rideau St./wurtemburg St.,45.434333,-75.676,2/26/2023,13.8,55
Ottawa Downtown,51001,Rideau St./wurtemburg St.,45.434333,-75.676,2/27/2023,5.8,24
Ottawa Downtown,51001,Rideau St./wurtemburg St.,45.434333,-75.676,2/28/2023,9.0,38
Ottawa Downtown,51001,Rideau St./wurtemburg St.,45.434333,-75.676,3/1/2023,8.2,34
Ottawa Downtown,51001,Rideau St./wurtemburg St.,45.434333,-75.676,3/2/2023,6.4,27
Ottawa Downtown,51001,Rideau St./wurtemburg St.,45.434333,-75.676,3/3/2023,5.7,24
Ottawa Downtown,51001,Rideau St./wurtemburg St.,45.434333,-75.676,3/4/2023,5.2,22
Ottawa Downtown,51001,Rideau St./wurtemburg St.,45.434333,-75.676,3/5/2023,11.3,47
Ottawa Downtown,51001,Rideau St./wurtemburg St.,45.434333,-75.676,3/6/2023,3.4,14
Ottawa Downtown,51001,Rideau St./wurtemburg St.,45.434333,-75.676,3/7/2023,3.0,13
Ottawa Downtown,51001,Rideau St./wurtemburg St.,45.434333,-75.676,3/8/2023,3.4,14
Ottawa Downtown,51001,Rideau St./wurtemburg St.,45.434333,-75.676,3/9/2023,3.5,15
Ottawa Downtown,51001,Rideau St./wurtemburg St.,45.434333,-75.676,3/10/2023,3.8,16
Ottawa Downtown,51001,Rideau St./wurtemburg St.,45.434333,-75.676,3/11/2023,3.5,15
Ottawa Downtown,51001,Rideau St./wurtemburg St.,45.434333,-75.676,3/12/2023,6.0,25
Ottawa Downtown,51001,Rideau St./wurtemburg St.,45.434333,-75.676,3/13/2023,12.3,51
Ottawa Downtown,51001,Rideau St./wurtemburg St.,45.434333,-75.676,3/14/2023,5.3,22
Ottawa Downtown,51001,Rideau St./wurtemburg St.,45.434333,-75.676,3/15/2023,2.2,9
Ottawa Downtown,51001,Rideau St./wurtemburg St.,45.434333,-75.676,3/16/2023,7.3,30
Ottawa Downtown,51001,Rideau St./wurtemburg St.,45.434333,-75.676,3/17/2023,16.6,60
Ottawa Downtown,51001,Rideau St./wurtemburg St.,45.434333,-75.676,3/18/2023,4.1,17
Ottawa Downtown,51001,Rideau St./wurtemburg St.,45.434333,-75.676,3/19/2023,3.4,14
Ottawa Downtown,51001,Rideau St./wurtemburg St.,45.434333,-75.676,3/20/2023,6.7,28
Ottawa Downtown,51001,Rideau St./wurtemburg St.,45.434333,-75.676,3/21/2023,6.7,28
Ottawa Downtown,51001,Rideau St./wurtemburg St.,45.434333,-75.676,3/22/2023,4.8,20
Ottawa Downtown,51001,Rideau St./wurtemburg St.,45.434333,-75.676,3/23/2023,8.2,34
Ottawa Downtown,51001,Rideau St./wurtemburg St.,45.434333,-75.676,3/24/2023,3.9,16
Ottawa Downtown,51001,Rideau St./wurtemburg St.,45.434333,-75.676,3/25/2023,6.7,28
Ottawa Downtown,51001,Rideau St./wurtemburg St.,45.434333,-75.676,3/26/2023,3.3,14
Ottawa Downtown,51001,Rideau St./wurtemburg St.,45.434333,-75.676,3/27/2023,6.5,27
Ottawa Downtown,51001,Rideau St./wurtemburg St.,45.434333,-75.676,3/28/2023,4.6,19
Ottawa Downtown,51001,Rideau St./wurtemburg St.,45.434333,-75.676,3/29/2023,11.4,48
Ottawa Downtown,51001,Rideau St./wurtemburg St.,45.434333,-75.676,3/30/2023,4.3,18
Ottawa Downtown,51001,Rideau St./wurtemburg St.,45.434333,-75.676,3/31/2023,9.0,38
Ottawa Downtown,51001,Rideau St./wurtemburg St.,45.434333,-75.676,4/1/2023,5.3,22
Ottawa Downtown,51001,Rideau St./wurtemburg St.,45.434333,-75.676,4/2/2023,3.8,16
Ottawa Downtown,51001,Rideau St./wurtemburg St.,45.434333,-75.676,4/3/2023,6.9,29
Ottawa Downtown,51001,Rideau St./wurtemburg St.,45.434333,-75.676,4/4/2023,4.5,19
Ottawa Downtown,51001,Rideau St./wurtemburg St.,45.434333,-75.676,4/5/2023,4.0,17
Ottawa Downtown,51001,Rideau St./wurtemburg St.,45.434333,-75.676,4/6/2023,8.9,37
Ottawa Downtown,51001,Rideau St./wurtemburg St.,45.434333,-75.676,4/7/2023,3.5,15
Ottawa Downtown,51001,Rideau St./wurtemburg St.,45.434333,-75.676,4/8/2023,4.5,19
Ottawa Downtown,51001,Rideau St./wurtemburg St.,45.434333,-75.676,4/9/2023,6.0,25
Ottawa Downtown,51001,Rideau St./wurtemburg St.,45.434333,-75.676,4/10/2023,8.3,35
Ottawa Downtown,51001,Rideau St./wurtemburg St.,45.434333,-75.676,4/11/2023,11.2,47
Ottawa Downtown,51001,Rideau St./wurtemburg St.,45.434333,-75.676,4/12/2023,5.5,23
Ottawa Downtown,51001,Rideau St./wurtemburg St.,45.434333,-75.676,4/13/2023,12.4,52
Ottawa Downtown,51001,Rideau St./wurtemburg St.,45.434333,-75.676,4/14/2023,8.3,35
Ottawa Downtown,51001,Rideau St./wurtemburg St.,45.434333,-75.676,4/15/2023,6.9,29
Ottawa Downtown,51001,Rideau St./wurtemburg St.,45.434333,-75.676,4/16/2023,12.8,52
Ottawa Downtown,51001,Rideau St./wurtemburg St.,45.434333,-75.676,4/17/2023,6.1,25
Ottawa Downtown,51001,Rideau St./wurtemburg St.,45.434333,-75.676,4/18/2023,4.0,17
Ottawa Downtown,51001,Rideau St./wurtemburg St.,45.434333,-75.676,4/19/2023,2.3,10
Ottawa Downtown,51001,Rideau St./wurtemburg St.,45.434333,-75.676,4/20/2023,3.1,13
Ottawa Downtown,51001,Rideau St./wurtemburg St.,45.434333,-75.676,4/21/2023,5.1,21
Ottawa Downtown,51001,Rideau St./wurtemburg St.,45.434333,-75.676,4/22/2023,8.0,33
Ottawa Downtown,51001,Rideau St./wurtemburg St.,45.434333,-75.676,4/23/2023,8.6,36
Ottawa Downtown,51001,Rideau St./wurtemburg St.,45.434333,-75.676,4/24/2023,5.1,21
Ottawa Downtown,51001,Rideau St./wurtemburg St.,45.434333,-75.676,4/25/2023,4.7,20
Ottawa Downtown,51001,Rideau St./wurtemburg St.,45.434333,-75.676,4/26/2023,10.0,42
Ottawa Downtown,51001,Rideau St./wurtemburg St.,45.434333,-75.676,4/27/2023,10.8,45
Ottawa Downtown,51001,Rideau St./wurtemburg St.,45.434333,-75.676,4/28/2023,8.0,33
Ottawa Downtown,51001,Rideau St./wurtemburg St.,45.434333,-75.676,4/29/2023,7.2,30
Ottawa Downtown,51001,Rideau St./wurtemburg St.,45.434333,-75.676,4/30/2023,3.3,14
Ottawa Downtown,51001,Rideau St./wurtemburg St.,45.434333,-75.676,5/1/2023,2.0,8
Ottawa Downtown,51001,Rideau St./wurtemburg St.,45.434333,-75.676,5/2/2023,2.5,10
Ottawa Downtown,51001,Rideau St./wurtemburg St.,45.434333,-75.676,5/3/2023,3.4,14
Ottawa Downtown,51001,Rideau St./wurtemburg St.,45.434333,-75.676,5/4/2023,3.6,15
Ottawa Downtown,51001,Rideau St./wurtemburg St.,45.434333,-75.676,5/5/2023,3.7,15
Ottawa Downtown,51001,Rideau St./wurtemburg St.,45.434333,-75.676,5/6/2023,4.6,19
Ottawa Downtown,51001,Rideau St./wurtemburg St.,45.434333,-75.676,5/7/2023,5.5,23
Ottawa Downtown,51001,Rideau St./wurtemburg St.,45.434333,-75.676,5/8/2023,3.3,14
Ottawa Downtown,51001,Rideau St./wurtemburg St.,45.434333,-75.676,5/9/2023,3.7,15
Ottawa Downtown,51001,Rideau St./wurtemburg St.,45.434333,-75.676,5/10/2023,9.0,38
Ottawa Downtown,51001,Rideau St./wurtemburg St.,45.434333,-75.676,5/11/2023,10.2,43
Ottawa Downtown,51001,Rideau St./wurtemburg St.,45.434333,-75.676,5/12/2023,6.0,25
Ottawa Downtown,51001,Rideau St./wurtemburg St.,45.434333,-75.676,5/13/2023,7.1,30
Ottawa Downtown,51001,Rideau St./wurtemburg St.,45.434333,-75.676,5/14/2023,3.0,13
Ottawa Downtown,51001,Rideau St./wurtemburg St.,45.434333,-75.676,5/15/2023,6.3,26
Ottawa Downtown,51001,Rideau St./wurtemburg St.,45.434333,-75.676,5/16/2023,4.9,20
Ottawa Downtown,51001,Rideau St./wurtemburg St.,45.434333,-75.676,5/17/2023,2.1,9
Ottawa Downtown,51001,Rideau St./wurtemburg St.,45.434333,-75.676,5/18/2023,3.8,16
Ottawa Downtown,51001,Rideau St./wurtemburg St.,45.434333,-75.676,5/19/2023,9.0,38
Ottawa Downtown,51001,Rideau St./wurtemburg St.,45.434333,-75.676,5/20/2023,9.6,40
Ottawa Downtown,51001,Rideau St./wurtemburg St.,45.434333,-75.676,5/21/2023,8.7,36
Ottawa Downtown,51001,Rideau St./wurtemburg St.,45.434333,-75.676,5/22/2023,4.0,17
Ottawa Downtown,51001,Rideau St./wurtemburg St.,45.434333,-75.676,5/23/2023,7.7,32
Ottawa Downtown,51001,Rideau St./wurtemburg St.,45.434333,-75.676,5/24/2023,6.0,25
Ottawa Downtown,51001,Rideau St./wurtemburg St.,45.434333,-75.676,5/25/2023,2.9,12
Ottawa Downtown,51001,Rideau St./wurtemburg St.,45.434333,-75.676,5/26/2023,4.4,18
Ottawa Downtown,51001,Rideau St./wurtemburg St.,45.434333,-75.676,5/27/2023,6.2,26
Ottawa Downtown,51001,Rideau St./wurtemburg St.,45.434333,-75.676,5/28/2023,7.1,30
Ottawa Downtown,51001,Rideau St./wurtemburg St.,45.434333,-75.676,5/29/2023,7.5,31
Ottawa Downtown,51001,Rideau St./wurtemburg St.,45.434333,-75.676,5/30/2023,8.8,37
Ottawa Downtown,51001,Rideau St./wurtemburg St.,45.434333,-75.676,5/31/2023,12.3,51
Ottawa Downtown,51001,Rideau St./wurtemburg St.,45.434333,-75.676,6/1/2023,14.5,56
Ottawa Downtown,51001,Rideau St./wurtemburg St.,45.434333,-75.676,6/2/2023,15.5,58
Ottawa Downtown,51001,Rideau St./wurtemburg St.,45.434333,-75.676,6/3/2023,9.9,41
Ottawa Downtown,51001,Rideau St./wurtemburg St.,45.434333,-75.676,6/4/2023,8.6,36
Ottawa Downtown,51001,Rideau St./wurtemburg St.,45.434333,-75.676,6/5/2023,44.2,122
Ottawa Downtown,51001,Rideau St./wurtemburg St.,45.434333,-75.676,6/6/2023,129.9,189
Ottawa Downtown,51001,Rideau St./wurtemburg St.,45.434333,-75.676,6/7/2023,210.7,261
Ottawa Downtown,51001,Rideau St./wurtemburg St.,45.434333,-75.676,6/8/2023,3.6,15
Ottawa Downtown,51001,Rideau St./wurtemburg St.,45.434333,-75.676,6/9/2023,3.5,15
Ottawa Downtown,51001,Rideau St./wurtemburg St.,45.434333,-75.676,6/10/2023,5.5,23
Ottawa Downtown,51001,Rideau St./wurtemburg St.,45.434333,-75.676,6/11/2023,19.3,66
Ottawa Downtown,51001,Rideau St./wurtemburg St.,45.434333,-75.676,6/12/2023,21.2,70
Ottawa Downtown,51001,Rideau St./wurtemburg St.,45.434333,-75.676,6/13/2023,12.0,50
Ottawa Downtown,51001,Rideau St./wurtemburg St.,45.434333,-75.676,6/14/2023,13.0,53
Ottawa Downtown,51001,Rideau St./wurtemburg St.,45.434333,-75.676,6/15/2023,24.5,77
Ottawa Downtown,51001,Rideau St./wurtemburg St.,45.434333,-75.676,6/16/2023,46.5,128
Ottawa Downtown,51001,Rideau St./wurtemburg St.,45.434333,-75.676,6/17/2023,10.8,45
Ottawa Downtown,51001,Rideau St./wurtemburg St.,45.434333,-75.676,6/18/2023,4.3,18
Ottawa Downtown,51001,Rideau St./wurtemburg St.,45.434333,-75.676,6/19/2023,6.6,27
Ottawa Downtown,51001,Rideau St./wurtemburg St.,45.434333,-75.676,6/20/2023,11.7,49
Ottawa Downtown,51001,Rideau St./wurtemburg St.,45.434333,-75.676,6/21/2023,8.3,35
Ottawa Downtown,51001,Rideau St./wurtemburg St.,45.434333,-75.676,6/22/2023,8.1,34
Ottawa Downtown,51001,Rideau St./wurtemburg St.,45.434333,-75.676,6/23/2023,9.5,40
Ottawa Downtown,51001,Rideau St./wurtemburg St.,45.434333,-75.676,6/24/2023,7.0,29
Ottawa Downtown,51001,Rideau St./wurtemburg St.,45.434333,-75.676,6/25/2023,156.3,207
Ottawa Downtown,51001,Rideau St./wurtemburg St.,45.434333,-75.676,6/26/2023,154.2,205
Ottawa Downtown,51001,Rideau St./wurtemburg St.,45.434333,-75.676,6/27/2023,6.5,27
Ottawa Downtown,51001,Rideau St./wurtemburg St.,45.434333,-75.676,6/28/2023,13.8,55
Ottawa Downtown,51001,Rideau St./wurtemburg St.,45.434333,-75.676,6/29/2023,65.2,156
Ottawa Downtown,51001,Rideau St./wurtemburg St.,45.434333,-75.676,6/30/2023,72.0,160
Ottawa Downtown,51001,Rideau St./wurtemburg St.,45.434333,-75.676,7/1/2023,41.0,115
Ottawa Downtown,51001,Rideau St./wurtemburg St.,45.434333,-75.676,7/2/2023,16.9,61
Ottawa Downtown,51001,Rideau St./wurtemburg St.,45.434333,-75.676,7/3/2023,19.5,67
Ottawa Downtown,51001,Rideau St./wurtemburg St.,45.434333,-75.676,7/4/2023,15.9,59
Ottawa Downtown,51001,Rideau St./wurtemburg St.,45.434333,-75.676,7/5/2023,15.1,57
Ottawa Downtown,51001,Rideau St./wurtemburg St.,45.434333,-75.676,7/6/2023,13.3,54
Ottawa Downtown,51001,Rideau St./wurtemburg St.,45.434333,-75.676,7/7/2023,6.4,27
Ottawa Downtown,51001,Rideau St./wurtemburg St.,45.434333,-75.676,7/8/2023,7.8,33
Ottawa Downtown,51001,Rideau St./wurtemburg St.,45.434333,-75.676,7/9/2023,9.2,38
Ottawa Downtown,51001,Rideau St./wurtemburg St.,45.434333,-75.676,7/10/2023,9.0,38
Ottawa Downtown,51001,Rideau St./wurtemburg St.,45.434333,-75.676,7/11/2023,12.0,50
Ottawa Downtown,51001,Rideau St./wurtemburg St.,45.434333,-75.676,7/12/2023,9.2,38
Ottawa Downtown,51001,Rideau St./wurtemburg St.,45.434333,-75.676,7/13/2023,5.8,24
Ottawa Downtown,51001,Rideau St./wurtemburg St.,45.434333,-75.676,7/14/2023,6.4,27
Ottawa Downtown,51001,Rideau St./wurtemburg St.,45.434333,-75.676,7/15/2023,8.8,37
Ottawa Downtown,51001,Rideau St./wurtemburg St.,45.434333,-75.676,7/16/2023,7.4,31
Ottawa Downtown,51001,Rideau St./wurtemburg St.,45.434333,-75.676,7/17/2023,22.5,73
Ottawa Downtown,51001,Rideau St./wurtemburg St.,45.434333,-75.676,7/18/2023,21.8,71
Ottawa Downtown,51001,Rideau St./wurtemburg St.,45.434333,-75.676,7/19/2023,5.1,21
Ottawa Downtown,51001,Rideau St./wurtemburg St.,45.434333,-75.676,7/20/2023,6.8,28
Ottawa Downtown,51001,Rideau St./wurtemburg St.,45.434333,-75.676,7/21/2023,5.3,22
Ottawa Downtown,51001,Rideau St./wurtemburg St.,45.434333,-75.676,7/22/2023,8.3,35
Ottawa Downtown,51001,Rideau St./wurtemburg St.,45.434333,-75.676,7/23/2023,11.1,46
Ottawa Downtown,51001,Rideau St./wurtemburg St.,45.434333,-75.676,7/24/2023,12.8,52
Ottawa Downtown,51001,Rideau St./wurtemburg St.,45.434333,-75.676,7/25/2023,12.6,52
Ottawa Downtown,51001,Rideau St./wurtemburg St.,45.434333,-75.676,7/26/2023,24.8,78
Ottawa Downtown,51001,Rideau St./wurtemburg St.,45.434333,-75.676,7/27/2023,15.1,57
Ottawa Downtown,51001,Rideau St./wurtemburg St.,45.434333,-75.676,7/28/2023,18.2,64
Ottawa Downtown,51001,Rideau St./wurtemburg St.,45.434333,-75.676,7/29/2023,5.2,22
Ottawa Downtown,51001,Rideau St./wurtemburg St.,45.434333,-75.676,7/30/2023,5.0,21
Ottawa Downtown,51001,Rideau St./wurtemburg St.,45.434333,-75.676,7/31/2023,3.8,16
Ottawa Downtown,51001,Rideau St./wurtemburg St.,45.434333,-75.676,8/1/2023,3.3,14
Ottawa Downtown,51001,Rideau St./wurtemburg St.,45.434333,-75.676,8/2/2023,6.5,27
Ottawa Downtown,51001,Rideau St./wurtemburg St.,45.434333,-75.676,8/3/2023,14.0,55
Ottawa Downtown,51001,Rideau St./wurtemburg St.,45.434333,-75.676,8/4/2023,13.9,55
Ottawa Downtown,51001,Rideau St./wurtemburg St.,45.434333,-75.676,8/5/2023,12.0,50
Ottawa Downtown,51001,Rideau St./wurtemburg St.,45.434333,-75.676,8/6/2023,9.0,38
Ottawa Downtown,51001,Rideau St./wurtemburg St.,45.434333,-75.676,8/7/2023,17.7,63
Ottawa Downtown,51001,Rideau St./wurtemburg St.,45.434333,-75.676,8/8/2023,4.4,18
Ottawa Downtown,51001,Rideau St./wurtemburg St.,45.434333,-75.676,8/9/2023,11.1,46
Ottawa Downtown,51001,Rideau St./wurtemburg St.,45.434333,-75.676,8/10/2023,13.2,53
Ottawa Downtown,51001,Rideau St./wurtemburg St.,45.434333,-75.676,8/11/2023,7.6,32
Ottawa Downtown,51001,Rideau St./wurtemburg St.,45.434333,-75.676,8/12/2023,7.5,31
Ottawa Downtown,51001,Rideau St./wurtemburg St.,45.434333,-75.676,8/13/2023,5.2,22
Ottawa Downtown,51001,Rideau St./wurtemburg St.,45.434333,-75.676,8/14/2023,9.7,40
Ottawa Downtown,51001,Rideau St./wurtemburg St.,45.434333,-75.676,8/15/2023,14.1,55
Ottawa Downtown,51001,Rideau St./wurtemburg St.,45.434333,-75.676,8/16/2023,10.3,43
Ottawa Downtown,51001,Rideau St./wurtemburg St.,45.434333,-75.676,8/17/2023,11.6,48
Ottawa Downtown,51001,Rideau St./wurtemburg St.,45.434333,-75.676,8/18/2023,4.5,19
Ottawa Downtown,51001,Rideau St./wurtemburg St.,45.434333,-75.676,8/19/2023,7.7,32
Ottawa Downtown,51001,Rideau St./wurtemburg St.,45.434333,-75.676,8/20/2023,24.1,76
Ottawa Downtown,51001,Rideau St./wurtemburg St.,45.434333,-75.676,8/21/2023,9.2,38
Ottawa Downtown,51001,Rideau St./wurtemburg St.,45.434333,-75.676,8/22/2023,7.1,30
Ottawa Downtown,51001,Rideau St./wurtemburg St.,45.434333,-75.676,8/23/2023,9.6,40
Ottawa Downtown,51001,Rideau St./wurtemburg St.,45.434333,-75.676,8/24/2023,8.4,35
Ottawa Downtown,51001,Rideau St./wurtemburg St.,45.434333,-75.676,8/25/2023,6.2,26
Ottawa Downtown,51001,Rideau St./wurtemburg St.,45.434333,-75.676,8/26/2023,5.2,22
Ottawa Downtown,51001,Rideau St./wurtemburg St.,45.434333,-75.676,8/27/2023,7.0,29
Ottawa Downtown,51001,Rideau St./wurtemburg St.,45.434333,-75.676,8/28/2023,10.5,44
Ottawa Downtown,51001,Rideau St./wurtemburg St.,45.434333,-75.676,8/29/2023,11.5,48
Ottawa Downtown,51001,Rideau St./wurtemburg St.,45.434333,-75.676,8/30/2023,7.6,32
Ottawa Downtown,51001,Rideau St./wurtemburg St.,45.434333,-75.676,8/31/2023,4.1,17
